Workbook

Sheet Bloc details

Sheet Suivi des Chambres
A1: Avancement global | E1: =IFERROR(SUM(E$5:E$132)/COUNT($D$5:$D$132),0) -> 1 | F1: =IFERROR(SUM(F$5:F$132)/COUNT($D$5:$D$132),0) -> 1 | G1: =IFERROR(SUM(G$5:G$132)/COUNT($D$5:$D$132),0) -> 1 | H1: =IFERROR(SUM(H$5:H$132)/COUNT($D$5:$D$132),0) -> 1 | I1: =IFERROR(SUM(I$5:I$132)/COUNT($D$5:$D$132),0) -> 1 | J1: =IFERROR(SUM(J$5:J$132)/COUNT($D$5:$D$132),0) -> 0 | K1: =IFERROR(SUM(K$5:K$132)/COUNT($D$5:$D$132),0) -> 0.02578125 | L1: =IFERROR(SUM(L$5:L$132)/COUNT($D$5:$D$132),0) -> 0.58671875 | ... BT1: =IFERROR(SUM(BT$5:BT$132)/COUNT($D$5:$D$132),0) -> 0
A2: IDENTIFICATION | E2: SDB | AN2: CHAMBRE
E3: Plomberie sol | H3: Cloisons | I3: Électricité cloisons | L3: Étanchéité | O3: Dressage | P3: Chape | Q3: Faux plafond SDB | X3: Peinture FP | Y3: Revêtement mural | AA3: Revêtement sol | AB3: Menuiserie alu | AD3: Menuiserie bois | AF3: Agencement | AG3: Sanitaires | AH3: Accessoires | AI3: Tests | AL3: Réception | AN3: Cloisons | AO3: Électricité cloisons | AR3: Chape | AS3: Faux plafond chambre | BA3: Menuiserie bois | BD3: Menuiserie alu | BE3: Peinture | BI3: Revêtement sol | BK3: Agencement fixe | BN3: Appareillage | BP3: Tests | BS3: LOGGIA
A4: Étage | B4: Bloc | C4: Type chambre | D4: N Chambre | E4: Passage EF/EC | F4: Passage évacuations | G4: Bon à etanché plomberie sol | H4: Cloisons SDB posées | I4: Passage électricité cloisons | J4: Bon à enduire électricité cloisons | K4: calfeutrement | L4: Étanchéité SDB | M4: Test mise en eau | N4: PV test mise en eau | O4: Dressage mur | P4: Chape / forme de pente | Q4: Structure faux plafond | R4: Réseaux électricité plafond | S4: Réseaux clim / ventilation | T4: Trappe de visite | U4: Bon à fermer faux plafond | V4: Fermeture faux plafond | W4: Finition faux plafond | X4: Peinture faux plafond | Y4: Pose revêtement toilette | Z4: Pose revêtement douche | AA4: Pose revêtement sol | AB4: Faux cadres alu | AC4: Pose châssis / cabine douche / cabine WC | AD4: Rail porte coulissante | AE4: Fermeture cloison porte coulissante | AF4: Pose vanity | AG4: Pose sanitaires / robinetterie | AH4: Pose accessoires SDB | AI4: Essais plomberie | AJ4: Essais électricité | AK4: Essais CVC | AL4: Finitions SDB | AM4: Réception interne SDB | AN4: Cloisons chambre | AO4: Passage électricité cloisons | AP4: Bon à enduire électricité cloisons | AQ4: Calfeutrement | AR4: Chape chambre | AS4: Structure faux plafond | AT4: Réseaux électricité plafond | AU4: Réseaux sprinklage / détection | AV4: Réseaux clim | AW4: Bon à fermer faux plafond | AX4: Pose faux plafond | AY4: Finition faux plafond | AZ4: Peinture faux plafond | BA4: Faux cadres porte entrée | BB4: Pose porte entrée | BC4: Pose porte SDB | BD4: Pose fenêtres | BE4: Enduit 1ère couche | BF4: Enduit 2ème couche | BG4: Peinture 1ère couche | BH4: Peinture 2ème couche | BI4: Pose sol fini | BJ4: Pose plinthes | BK4: Armoire / bar | BL4: Tête de lit | BM4: Meuble TV / bureau | BN4: Appareillage électrique | BO4: Luminaires / liseuses | BP4: Essais électricité | BQ4: Essais climatisation | BR4: Essais serrure carte | BS4: Pose faux cadres | BT4: Pose menuiserie
A5: R+2 | B5: Bloc A | C5: Standard | D5: 201 | E5: 1 | F5: 1 | G5: 1 | H5: 1 | I5: 1 | J5: A demander | L5: 1 | N5: A demander | P5: 0 | Q5: 1 | R5: À demander | S5: A demander | T5: 0 | U5: A demander | V5: 0 | W5: 0 | X5: 0 | Y5: 0 | Z5: 0 | AA5: 0 | AB5: 0 | AC5: 0 | AD5: 0 | AE5: 0 | AF5: 0 | AG5: 0 | AH5: 0 | AI5: A demander | AJ5: A demander | AK5: A demander | AL5: 0 | AM5: 0 | AO5: A demander | AP5: A demander | AR5: 1 | AU5: 1 | AV5: 1 | BI5: 0 | BJ5: 0 | BK5: 0 | BL5: 0 | BM5: 0 | BN5: 0 | BO5: 0
B6: Bloc A | C6: Standard | D6: 202 | E6: 1 | F6: 1 | G6: 1 | H6: 1 | I6: 1 | J6: A demander | L6: 1 | N6: A demander | P6: 0 | Q6: 1 | R6: À demander | S6: A demander | T6: 0 | U6: A demander | V6: 0 | W6: 0 | X6: 0 | Y6: 0 | Z6: 0 | AA6: 0 | AB6: 0 | AC6: 0 | AD6: 0 | AE6: 0 | AF6: 0 | AG6: 0 | AH6: 0 | AI6: A demander | AJ6: A demander | AK6: A demander | AL6: 0 | AM6: 0 | AO6: A demander | AP6: A demander | AR6: 1 | AU6: 1 | AV6: 1 | BI6: 0 | BJ6: 0 | BK6: 0 | BL6: 0 | BM6: 0 | BN6: 0 | BO6: 0
B7: Bloc A | C7: Junior | D7: 203 | E7: 1 | F7: 1 | G7: 1 | H7: 1 | I7: 1 | J7: A demander | L7: 1 | N7: A demander | P7: 0 | Q7: 1 | R7: À demander | S7: A demander | T7: 0 | U7: A demander | V7: 0 | W7: 0 | X7: 0 | Y7: 0 | Z7: 0 | AA7: 0 | AB7: 0 | AC7: 0 | AD7: 0 | AE7: 0 | AF7: 0 | AG7: 0 | AH7: 0 | AI7: A demander | AJ7: A demander | AK7: A demander | AL7: 0 | AM7: 0 | AO7: A demander | AP7: A demander | AR7: 1 | AU7: 1 | AV7: 1 | BI7: 0 | BJ7: 0 | BK7: 0 | BL7: 0 | BM7: 0 | BN7: 0 | BO7: 0
B8: Bloc A | C8: Standard | D8: 204 | E8: 1 | F8: 1 | G8: 1 | H8: 1 | I8: 1 | J8: A demander | L8: 1 | M8: 1 | N8: A demander | O8: 1 | P8: 1 | Q8: 1 | R8: À demander | S8: A demander | T8: 0 | U8: A demander | V8: 0 | W8: 0 | X8: 0 | Y8: 0 | Z8: 0 | AA8: 0 | AB8: 0 | AC8: 0 | AD8: 0 | AE8: 0 | AF8: 0 | AG8: 0 | AH8: 0 | AI8: A demander | AJ8: A demander | AK8: A demander | AL8: 0 | AM8: 0 | AO8: A demander | AP8: A demander | AR8: 1 | AU8: 1 | AV8: 1 | BI8: 0 | BJ8: 0 | BK8: 0 | BL8: 0 | BM8: 0 | BN8: 0 | BO8: 0
B9: Bloc A | C9: Standard | D9: 205 | E9: 1 | F9: 1 | G9: 1 | H9: 1 | I9: 1 | J9: A demander | L9: 1 | M9: 1 | N9: A demander | O9: 1 | P9: 1 | Q9: 1 | R9: À demander | S9: A demander | T9: 0 | U9: A demander | V9: 0 | W9: 0 | X9: 0 | Y9: 0 | Z9: 0 | AA9: 0 | AB9: 0 | AC9: 0 | AD9: 0 | AE9: 0 | AF9: 0 | AG9: 0 | AH9: 0 | AI9: A demander | AJ9: A demander | AK9: A demander | AL9: 0 | AM9: 0 | AO9: A demander | AP9: A demander | AR9: 1 | AU9: 1 | AV9: 1 | BI9: 0 | BJ9: 0 | BK9: 0 | BL9: 0 | BM9: 0 | BN9: 0 | BO9: 0
B10: Bloc A | C10: Junior | D10: 206 | E10: 1 | F10: 1 | G10: 1 | H10: 1 | I10: 1 | J10: A demander | L10: 1 | M10: 1 | N10: A demander | O10: 1 | P10: 1 | Q10: 1 | R10: À demander | S10: A demander | T10: 0 | U10: A demander | V10: 0 | W10: 0 | X10: 0 | Y10: 0 | Z10: 0 | AA10: 0 | AB10: 0 | AC10: 0 | AD10: 0 | AE10: 0 | AF10: 0 | AG10: 0 | AH10: 0 | AI10: A demander | AJ10: A demander | AK10: A demander | AL10: 0 | AM10: 0 | AO10: A demander | AP10: A demander | AR10: 1 | AU10: 1 | AV10: 1 | BI10: 0 | BJ10: 0 | BK10: 0 | BL10: 0 | BM10: 0 | BN10: 0 | BO10: 0
B11: Bloc A | C11: Standard | D11: 207 | E11: 1 | F11: 1 | G11: 1 | H11: 1 | I11: 1 | J11: A demander | L11: 1 | M11: 1 | N11: A demander | O11: 1 | P11: 1 | Q11: 1 | R11: À demander | S11: A demander | T11: 0 | U11: A demander | V11: 0 | W11: 0 | X11: 0 | Y11: 0 | Z11: 0 | AA11: 0 | AB11: 0 | AC11: 0 | AD11: 0 | AE11: 0 | AF11: 0 | AG11: 0 | AH11: 0 | AI11: A demander | AJ11: A demander | AK11: A demander | AL11: 0 | AM11: 0 | AO11: A demander | AP11: A demander | AR11: 1 | AU11: 1 | AV11: 1 | BI11: 0 | BJ11: 0 | BK11: 0 | BL11: 0 | BM11: 0 | BN11: 0 | BO11: 0
B12: Bloc A | C12: Standard | D12: 218 | E12: 1 | F12: 1 | G12: 1 | H12: 1 | I12: 1 | J12: A demander | L12: 1 | M12: 1 | N12: A demander | O12: 1 | P12: 1 | Q12: 1 | R12: À demander | S12: A demander | T12: 0 | U12: A demander | V12: 0 | W12: 0 | X12: 0 | Y12: 0 | Z12: 0 | AA12: 0 | AB12: 0 | AC12: 0 | AD12: 0 | AE12: 0 | AF12: 0 | AG12: 0 | AH12: 0 | AI12: A demander | AJ12: A demander | AK12: A demander | AL12: 0 | AM12: 0 | AO12: A demander | AP12: A demander | AR12: 1 | AU12: 1 | AV12: 1 | BI12: 0 | BJ12: 0 | BK12: 0 | BL12: 0 | BM12: 0 | BN12: 0 | BO12: 0
B13: Bloc A | C13: Standard | D13: 219 | E13: 1 | F13: 1 | G13: 1 | H13: 1 | I13: 1 | J13: A demander | L13: 1 | M13: 1 | N13: A demander | O13: 1 | P13: 1 | Q13: 1 | R13: À demander | S13: A demander | T13: 0 | U13: A demander | V13: 0 | W13: 0 | X13: 0 | Y13: 0 | Z13: 0 | AA13: 0 | AB13: 0 | AC13: 0 | AD13: 0 | AE13: 0 | AF13: 0 | AG13: 0 | AH13: 0 | AI13: A demander | AJ13: A demander | AK13: A demander | AL13: 0 | AM13: 0 | AO13: A demander | AP13: A demander | AR13: 1 | AU13: 1 | AV13: 1 | BI13: 0 | BJ13: 0 | BK13: 0 | BL13: 0 | BM13: 0 | BN13: 0 | BO13: 0
B14: Bloc A | C14: Standard | D14: 220 | E14: 1 | F14: 1 | G14: 1 | H14: 1 | I14: 1 | J14: A demander | L14: 1 | M14: 1 | N14: A demander | O14: 1 | P14: 1 | Q14: 1 | R14: À demander | S14: A demander | T14: 0 | U14: A demander | V14: 0 | W14: 0 | X14: 0 | Y14: 0 | Z14: 0 | AA14: 0 | AB14: 0 | AC14: 0 | AD14: 0 | AE14: 0 | AF14: 0 | AG14: 0 | AH14: 0 | AI14: A demander | AJ14: A demander | AK14: A demander | AL14: 0 | AM14: 0 | AO14: A demander | AP14: A demander | AR14: 1 | AU14: 1 | AV14: 1 | BI14: 0 | BJ14: 0 | BK14: 0 | BL14: 0 | BM14: 0 | BN14: 0 | BO14: 0
B15: Bloc A | C15: Junior | D15: 235 | E15: 1 | F15: 1 | G15: 1 | H15: 1 | I15: 1 | J15: A demander | L15: 1 | N15: A demander | P15: 0 | Q15: 1 | R15: À demander | S15: A demander | T15: 0 | U15: A demander | V15: 0 | W15: 0 | X15: 0 | Y15: 0 | Z15: 0 | AA15: 0 | AB15: 0 | AC15: 0 | AD15: 0 | AE15: 0 | AF15: 0 | AG15: 0 | AH15: 0 | AI15: A demander | AJ15: A demander | AK15: A demander | AL15: 0 | AM15: 0 | AO15: A demander | AP15: A demander | AR15: 1 | AU15: 1 | AV15: 1 | BI15: 0 | BJ15: 0 | BK15: 0 | BL15: 0 | BM15: 0 | BN15: 0 | BO15: 0
B16: Bloc A | C16: Standard | D16: 236 | E16: 1 | F16: 1 | G16: 1 | H16: 1 | I16: 1 | J16: A demander | L16: 1 | N16: A demander | P16: 0 | Q16: 1 | R16: À demander | S16: A demander | T16: 0 | U16: A demander | V16: 0 | W16: 0 | X16: 0 | Y16: 0 | Z16: 0 | AA16: 0 | AB16: 0 | AC16: 0 | AD16: 0 | AE16: 0 | AF16: 0 | AG16: 0 | AH16: 0 | AI16: A demander | AJ16: A demander | AK16: A demander | AL16: 0 | AM16: 0 | AO16: A demander | AP16: A demander | AR16: 1 | AU16: 1 | AV16: 1 | BI16: 0 | BJ16: 0 | BK16: 0 | BL16: 0 | BM16: 0 | BN16: 0 | BO16: 0
B17: Bloc A | C17: Standard | D17: 237 | E17: 1 | F17: 1 | G17: 1 | H17: 1 | I17: 1 | J17: A demander | L17: 1 | M17: 1 | N17: A demander | O17: 1 | P17: 1 | Q17: 1 | R17: À demander | S17: A demander | T17: 0 | U17: A demander | V17: 0 | W17: 0 | X17: 0 | Y17: 0 | Z17: 0 | AA17: 0 | AB17: 0 | AC17: 0 | AD17: 0 | AE17: 0 | AF17: 0 | AG17: 0 | AH17: 0 | AI17: A demander | AJ17: A demander | AK17: A demander | AL17: 0 | AM17: 0 | AO17: A demander | AP17: A demander | AR17: 1 | AU17: 1 | AV17: 1 | BI17: 0 | BJ17: 0 | BK17: 0 | BL17: 0 | BM17: 0 | BN17: 0 | BO17: 0
B18: Bloc A | C18: Standard | D18: 238 | E18: 1 | F18: 1 | G18: 1 | H18: 1 | I18: 1 | J18: A demander | L18: 1 | M18: 1 | N18: A demander | O18: 1 | P18: 1 | Q18: 1 | R18: À demander | S18: A demander | T18: 0 | U18: A demander | V18: 0 | W18: 0 | X18: 0 | Y18: 0 | Z18: 0 | AA18: 0 | AB18: 0 | AC18: 0 | AD18: 0 | AE18: 0 | AF18: 0 | AG18: 0 | AH18: 0 | AI18: A demander | AJ18: A demander | AK18: A demander | AL18: 0 | AM18: 0 | AO18: A demander | AP18: A demander | AR18: 1 | AU18: 1 | AV18: 1 | BI18: 0 | BJ18: 0 | BK18: 0 | BL18: 0 | BM18: 0 | BN18: 0 | BO18: 0
B19: Bloc A | C19: Standard | D19: 239 | E19: 1 | F19: 1 | G19: 1 | H19: 1 | I19: 1 | J19: A demander | L19: 1 | M19: 1 | N19: A demander | O19: 1 | P19: 1 | Q19: 1 | R19: À demander | S19: A demander | T19: 0 | U19: A demander | V19: 0 | W19: 0 | X19: 0 | Y19: 0 | Z19: 0 | AA19: 0 | AB19: 0 | AC19: 0 | AD19: 0 | AE19: 0 | AF19: 0 | AG19: 0 | AH19: 0 | AI19: A demander | AJ19: A demander | AK19: A demander | AL19: 0 | AM19: 0 | AO19: A demander | AP19: A demander | AR19: 1 | AU19: 1 | AV19: 1 | BI19: 0 | BJ19: 0 | BK19: 0 | BL19: 0 | BM19: 0 | BN19: 0 | BO19: 0
B20: Bloc A | C20: Standard | D20: 240 | E20: 1 | F20: 1 | G20: 1 | H20: 1 | I20: 1 | J20: A demander | L20: 1 | M20: 1 | N20: A demander | O20: 1 | P20: 1 | Q20: 1 | R20: À demander | S20: A demander | T20: 0 | U20: A demander | V20: 0 | W20: 0 | X20: 0 | Y20: 0 | Z20: 0 | AA20: 0 | AB20: 0 | AC20: 0 | AD20: 0 | AE20: 0 | AF20: 0 | AG20: 0 | AH20: 0 | AI20: A demander | AJ20: A demander | AK20: A demander | AL20: 0 | AM20: 0 | AO20: A demander | AP20: A demander | AR20: 1 | AU20: 1 | AV20: 1 | BI20: 0 | BJ20: 0 | BK20: 0 | BL20: 0 | BM20: 0 | BN20: 0 | BO20: 0
B21: Bloc B | C21: Standard | D21: 208 | E21: 1 | F21: 1 | G21: 1 | H21: 1 | I21: 1 | J21: A demander | L21: 1 | M21: 1 | N21: A demander | O21: 1 | P21: 1 | Q21: 1 | R21: À demander | S21: A demander | T21: 0 | U21: A demander | V21: 0 | W21: 0 | X21: 0 | Y21: 0 | Z21: 0 | AA21: 0 | AB21: 0 | AC21: 0 | AD21: 0 | AE21: 0 | AF21: 0 | AG21: 0 | AH21: 0 | AI21: A demander | AJ21: A demander | AK21: A demander | AL21: 0 | AM21: 0 | AO21: A demander | AP21: A demander | AR21: 1 | AU21: 1 | AV21: 1 | BI21: 0 | BJ21: 0 | BK21: 0 | BL21: 0 | BM21: 0 | BN21: 0 | BO21: 0
B22: Bloc B | C22: Junior | D22: 209 | E22: 1 | F22: 1 | G22: 1 | H22: 1 | I22: 1 | J22: A demander | L22: 1 | M22: 1 | N22: A demander | O22: 1 | P22: 1 | Q22: 1 | R22: À demander | S22: A demander | T22: 0 | U22: A demander | V22: 0 | W22: 0 | X22: 0 | Y22: 0 | Z22: 0 | AA22: 0 | AB22: 0 | AC22: 0 | AD22: 0 | AE22: 0 | AF22: 0 | AG22: 0 | AH22: 0 | AI22: A demander | AJ22: A demander | AK22: A demander | AL22: 0 | AM22: 0 | AO22: A demander | AP22: A demander | AR22: 1 | AU22: 1 | AV22: 1 | BI22: 0 | BJ22: 0 | BK22: 0 | BL22: 0 | BM22: 0 | BN22: 0 | BO22: 0
B23: Bloc B | C23: Junior | D23: 210 | E23: 1 | F23: 1 | G23: 1 | H23: 1 | I23: 1 | J23: A demander | L23: 1 | M23: 1 | N23: A demander | P23: 0.3 | Q23: 1 | R23: À demander | S23: A demander | T23: 0 | U23: A demander | V23: 0 | W23: 0 | X23: 0 | Y23: 0 | Z23: 0 | AA23: 0 | AB23: 0 | AC23: 0 | AD23: 0 | AE23: 0 | AF23: 0 | AG23: 0 | AH23: 0 | AI23: A demander | AJ23: A demander | AK23: A demander | AL23: 0 | AM23: 0 | AO23: A demander | AP23: A demander | AR23: 1 | AU23: 1 | AV23: 1 | BI23: 0 | BJ23: 0 | BK23: 0 | BL23: 0 | BM23: 0 | BN23: 0 | BO23: 0
B24: Bloc B | C24: Standard | D24: 211 | E24: 1 | F24: 1 | G24: 1 | H24: 1 | I24: 1 | J24: A demander | L24: 1 | M24: 1 | N24: A demander | P24: 0.8 | Q24: 1 | R24: À demander | S24: A demander | T24: 0 | U24: A demander | V24: 0 | W24: 0 | X24: 0 | Y24: 0 | Z24: 0 | AA24: 0 | AB24: 0 | AC24: 0 | AD24: 0 | AE24: 0 | AF24: 0 | AG24: 0 | AH24: 0 | AI24: A demander | AJ24: A demander | AK24: A demander | AL24: 0 | AM24: 0 | AO24: A demander | AP24: A demander | AR24: 1 | AU24: 1 | AV24: 1 | BI24: 0 | BJ24: 0 | BK24: 0 | BL24: 0 | BM24: 0 | BN24: 0 | BO24: 0
B25: Bloc B | C25: Junior | D25: 212 | E25: 1 | F25: 1 | G25: 1 | H25: 1 | I25: 1 | J25: A demander | L25: 1 | M25: 1 | N25: A demander | O25: 1 | P25: 1 | Q25: 1 | R25: À demander | S25: A demander | T25: 0 | U25: A demander | V25: 0 | W25: 0 | X25: 0 | Y25: 0 | Z25: 0 | AA25: 0 | AB25: 0 | AC25: 0 | AD25: 0 | AE25: 0 | AF25: 0 | AG25: 0 | AH25: 0 | AI25: A demander | AJ25: A demander | AK25: A demander | AL25: 0 | AM25: 0 | AO25: A demander | AP25: A demander | AR25: 1 | AU25: 1 | AV25: 1 | BI25: 0 | BJ25: 0 | BK25: 0 | BL25: 0 | BM25: 0 | BN25: 0 | BO25: 0
B26: Bloc B | C26: Standard | D26: 213 | E26: 1 | F26: 1 | G26: 1 | H26: 1 | I26: 1 | J26: A demander | L26: 1 | M26: 1 | N26: A demander | O26: 1 | P26: 1 | Q26: 1 | R26: À demander | S26: A demander | T26: 0 | U26: A demander | V26: 0 | W26: 0 | X26: 0 | Y26: 0 | Z26: 0 | AA26: 0 | AB26: 0 | AC26: 0 | AD26: 0 | AE26: 0 | AF26: 0 | AG26: 0 | AH26: 0 | AI26: A demander | AJ26: A demander | AK26: A demander | AL26: 0 | AM26: 0 | AO26: A demander | AP26: A demander | AR26: 1 | AU26: 1 | AV26: 1 | BI26: 0 | BJ26: 0 | BK26: 0 | BL26: 0 | BM26: 0 | BN26: 0 | BO26: 0
B27: Bloc B | C27: Executive | D27: 214 | E27: 1 | F27: 1 | G27: 1 | H27: 1 | I27: 1 | J27: A demander | K27: 0.8 | L27: 1 | M27: 1 | N27: A demander | O27: 0 | P27: 0 | Q27: 0 | R27: À demander | S27: A demander | T27: 0 | U27: A demander | V27: 0 | W27: 0 | X27: 0 | Y27: 0 | Z27: 0 | AA27: 0 | AB27: 0 | AC27: 0 | AD27: 0 | AE27: 0 | AF27: 0 | AG27: 0 | AH27: 0 | AI27: A demander | AJ27: A demander | AK27: A demander | AL27: 0 | AM27: 0 | AN27: 0.8 | AO27: A demander | AP27: A demander | AQ27: 0.8 | AR27: 1 | AS27: 0.3 | AT27: 1 | AU27: 1 | AV27: 1 | AX27: 0.3 | AY27: 0 | AZ27: 0 | BA27: 0 | BI27: 0 | BJ27: 0 | BK27: 0 | BL27: 0 | BM27: 0 | BN27: 0 | BO27: 0
B28: Bloc B | C28: Standard | D28: 215 | E28: 1 | F28: 1 | G28: 1 | H28: 1 | I28: 1 | J28: A demander | K28: 0.9 | L28: 1 | M28: Je sais pas | N28: A demander | O28: 0.3 | P28: 0 | Q28: 0 | R28: À demander | S28: A demander | T28: 0 | U28: A demander | V28: 0 | W28: 0 | X28: 0 | Y28: 0 | Z28: 0 | AA28: 0 | AB28: 0 | AC28: 0 | AD28: 0 | AE28: 0 | AF28: 0 | AG28: 0 | AH28: 0 | AI28: A demander | AJ28: A demander | AK28: A demander | AL28: 0 | AM28: 0 | AN28: 0.85 | AO28: 1 | AP28: A demander | AQ28: 0.6 | AR28: 0 | AS28: 0.8 | AT28: 1 | AU28: 1 | AV28: 1 | AW28: À demander | AX28: 0.55 | AY28: 0.3 | AZ28: 0 | BA28: 1 | BB28: 0 | BC28: 0 | BD28: 0 | BE28: Bande sur ba13 oui | BG28: 0 | BH28: 0 | BI28: 0 | BJ28: 0 | BK28: 0 | BL28: 0 | BM28: 0 | BN28: 0 | BO28: 0
B29: Bloc B | C29: Standard | D29: 216 | E29: 1 | F29: 1 | G29: 1 | H29: 1 | I29: 1 | J29: A demander | K29: 0.8 | L29: 1 | M29: 1 | N29: A demander | O29: 0.3 | P29: 0 | Q29: 0 | R29: À demander | S29: A demander | T29: 0 | U29: A demander | V29: 0 | W29: 0 | X29: 0 | Y29: 0 | Z29: 0 | AA29: 0 | AB29: 0 | AC29: 0 | AD29: 0 | AE29: 0 | AF29: 0 | AG29: 0 | AH29: 0 | AI29: A demander | AJ29: A demander | AK29: A demander | AL29: 0 | AM29: 0 | AN29: 0.85 | AO29: 1 | AP29: A demander | AQ29: 0.7 | AR29: 0 | AS29: 1 | AT29: 1 | AU29: 1 | AV29: 1 | AW29: À demander | AX29: 0.7 | AY29: 0.7 | AZ29: 0 | BA29: 1 | BB29: 0 | BC29: 0 | BD29: 0.5 | BE29: Bande sur ba13 oui | BG29: 0 | BH29: 0 | BI29: 0 | BJ29: 0 | BK29: 0 | BL29: 0 | BM29: 0 | BN29: 0 | BO29: 0 | BS29: 0 | BT29: 0
B30: Bloc B | C30: Junior | D30: 217 | E30: 1 | F30: 1 | G30: 1 | H30: 1 | I30: 1 | J30: A demander | K30: 0.8 | L30: 0 | M30: 0 | N30: A demander | O30: 0 | P30: 0 | Q30: 0 | R30: À demander | S30: A demander | T30: 0 | U30: A demander | V30: 0 | W30: 0 | X30: 0 | Y30: 0 | Z30: 0 | AA30: 0 | AB30: 0 | AC30: 0 | AD30: 0 | AE30: 0 | AF30: 0 | AG30: 0 | AH30: 0 | AI30: A demander | AJ30: A demander | AK30: A demander | AL30: 0 | AM30: 0 | AN30: 1 | AO30: 1 | AP30: A demander | AQ30: 0.6 | AR30: 1 | AS30: 1 | AT30: 1 | AU30: 1 | AV30: 1 | AW30: À demander | AX30: 0 | AY30: 0 | AZ30: 0 | BA30: 1 | BB30: 0 | BC30: 0 | BD30: 0.5 | BE30: 1 | BF30: 1 | BG30: 0 | BH30: 0 | BI30: 0 | BJ30: 0 | BK30: 0 | BL30: 0 | BM30: 0 | BN30: 0 | BO30: 0 | BP30: 0 | BQ30: 0 | BR30: 0 | BS30: 0 | BT30: 0
B31: Bloc B | C31: Standard | D31: 221 | E31: 1 | F31: 1 | G31: 1 | H31: 1 | I31: 1 | J31: A demander | L31: 1 | N31: A demander | P31: 0 | Q31: 1 | R31: À demander | S31: A demander | T31: 0 | U31: A demander | V31: 0 | W31: 0 | X31: 0 | Y31: 0 | Z31: 0 | AA31: 0 | AB31: 0 | AC31: 0 | AD31: 0 | AE31: 0 | AF31: 0 | AG31: 0 | AH31: 0 | AI31: A demander | AJ31: A demander | AK31: A demander | AL31: 0 | AM31: 0 | AO31: A demander | AP31: A demander | AR31: 1 | AU31: 1 | AV31: 1 | BI31: 0 | BJ31: 0 | BK31: 0 | BL31: 0 | BM31: 0 | BN31: 0 | BO31: 0
B32: Bloc B | C32: Standard | D32: 222 | E32: 1 | F32: 1 | G32: 1 | H32: 1 | I32: 1 | J32: A demander | L32: 1 | M32: 1 | N32: A demander | O32: 1 | P32: 1 | Q32: 1 | R32: À demander | S32: A demander | T32: 0 | U32: A demander | V32: 0 | W32: 0 | X32: 0 | Y32: 0 | Z32: 0 | AA32: 0 | AB32: 0 | AC32: 0 | AD32: 0 | AE32: 0 | AF32: 0 | AG32: 0 | AH32: 0 | AI32: A demander | AJ32: A demander | AK32: A demander | AL32: 0 | AM32: 0 | AO32: A demander | AP32: A demander | AR32: 1 | AU32: 1 | AV32: 1 | BI32: 0 | BJ32: 0 | BK32: 0 | BL32: 0 | BM32: 0 | BN32: 0 | BO32: 0
B33: Bloc C | C33: Standard | D33: 223 | E33: 1 | F33: 1 | G33: 1 | H33: 1 | I33: 1 | J33: A demander | L33: 1 | N33: A demander | P33: 0 | Q33: 1 | R33: À demander | S33: A demander | T33: 0 | U33: A demander | V33: 0 | W33: 0 | X33: 0 | Y33: 0 | Z33: 0 | AA33: 0 | AB33: 0 | AC33: 0 | AD33: 0 | AE33: 0 | AF33: 0 | AG33: 0 | AH33: 0 | AI33: A demander | AJ33: A demander | AK33: A demander | AL33: 0 | AM33: 0 | AO33: A demander | AP33: A demander | AR33: 1 | AS33: 1 | AT33: 1 | AU33: 1 | AV33: 1 | AX33: 1 | AY33: 1 | AZ33: 1 | BA33: 1 | BB33: 0 | BC33: 0 | BD33: 0.5 | BE33: 1 | BF33: 0 | BG33: 0 | BI33: 0 | BJ33: 0 | BK33: 0 | BL33: 0 | BM33: 0 | BN33: 0 | BO33: 0
B34: Bloc C | C34: Standard | D34: 224 | E34: 1 | F34: 1 | G34: 1 | H34: 1 | I34: 1 | J34: A demander | L34: 1 | N34: A demander | P34: 0 | Q34: 1 | R34: À demander | S34: A demander | T34: 0 | U34: A demander | V34: 0 | W34: 0 | X34: 0 | Y34: 0 | Z34: 0 | AA34: 0 | AB34: 0 | AC34: 0 | AD34: 0 | AE34: 0 | AF34: 0 | AG34: 0 | AH34: 0 | AI34: A demander | AJ34: A demander | AK34: A demander | AL34: 0 | AM34: 0 | AO34: A demander | AP34: A demander | AR34: 1 | AS34: 1 | AT34: 1 | AU34: 1 | AV34: 1 | AX34: 1 | AY34: 1 | AZ34: 1 | BA34: 1 | BB34: 0 | BC34: 0 | BD34: 1 | BE34: 1 | BF34: 0 | BG34: 0 | BI34: 0 | BJ34: 0 | BK34: 0 | BL34: 0 | BM34: 0 | BN34: 0 | BO34: 0
B35: Bloc C | C35: Standard | D35: 225 | E35: 1 | F35: 1 | G35: 1 | H35: 1 | I35: 1 | J35: A demander | L35: 1 | N35: A demander | P35: 0 | Q35: 1 | R35: À demander | S35: A demander | T35: 0 | U35: A demander | V35: 0 | W35: 0 | X35: 0 | Y35: 0 | Z35: 0 | AA35: 0 | AB35: 0 | AC35: 0 | AD35: 0 | AE35: 0 | AF35: 0 | AG35: 0 | AH35: 0 | AI35: A demander | AJ35: A demander | AK35: A demander | AL35: 0 | AM35: 0 | AO35: A demander | AP35: A demander | AR35: 1 | AS35: 1 | AT35: 1 | AU35: 1 | AV35: 1 | AX35: 1 | AY35: 1 | AZ35: 1 | BA35: 1 | BB35: 0 | BC35: 0 | BD35: 1 | BE35: 1 | BF35: 0 | BG35: 0 | BI35: 0 | BJ35: 0 | BK35: 0 | BL35: 0 | BM35: 0 | BN35: 0 | BO35: 0
B36: Bloc C | C36: Standard | D36: 226 | E36: 1 | F36: 1 | G36: 1 | H36: 1 | I36: 1 | J36: A demander | L36: 1 | N36: A demander | P36: 0 | Q36: 1 | R36: À demander | S36: A demander | T36: 0 | U36: A demander | V36: 0 | W36: 0 | X36: 0 | Y36: 0 | Z36: 0 | AA36: 0 | AB36: 0 | AC36: 0 | AD36: 0 | AE36: 0 | AF36: 0 | AG36: 0 | AH36: 0 | AI36: A demander | AJ36: A demander | AK36: A demander | AL36: 0 | AM36: 0 | AO36: A demander | AP36: A demander | AR36: 1 | AS36: 1 | AT36: 1 | AU36: 1 | AV36: 1 | AX36: 1 | AY36: 1 | AZ36: 1 | BA36: 1 | BB36: 0 | BC36: 0 | BD36: 1 | BE36: 1 | BF36: 0 | BG36: 0 | BI36: 0 | BJ36: 0 | BK36: 0 | BL36: 0 | BM36: 0 | BN36: 0 | BO36: 0
B37: Bloc C | C37: Junior | D37: 227 | E37: 1 | F37: 1 | G37: 1 | H37: 1 | I37: 1 | J37: A demander | L37: 1 | M37: 1 | N37: A demander | O37: 1 | P37: 1 | Q37: 1 | R37: À demander | S37: A demander | T37: 1 | U37: A demander | V37: 1 | W37: 1 | X37: 1 | Y37: 1 | Z37: 1 | AA37: 1 | AB37: 0 | AC37: 0 | AD37: 1 | AE37: 1 | AF37: 1 | AG37: 1 | AH37: 1 | AI37: A demander | AJ37: A demander | AK37: A demander | AN37: 1 | AO37: 1 | AP37: 1 | AQ37: 1 | AR37: 1 | AU37: 1 | AV37: 1 | AX37: 1 | AY37: 1 | AZ37: 1 | BA37: 1 | BB37: 0 | BC37: 0 | BD37: 0.5 | BE37: 0 | BF37: 0 | BG37: 0 | BI37: 1 | BJ37: 1 | BK37: 0 | BL37: 0 | BM37: 0 | BN37: 0 | BO37: 0
B38: Bloc C | C38: Standard | D38: 228 | E38: 1 | F38: 1 | G38: 1 | H38: 1 | I38: 1 | J38: A demander | L38: 1 | M38: 1 | N38: A demander | O38: 1 | P38: 1 | Q38: 1 | R38: À demander | S38: A demander | T38: 1 | U38: A demander | V38: 1 | W38: 1 | X38: 1 | Y38: 1 | Z38: 1 | AA38: 1 | AB38: 0 | AC38: 0 | AD38: 1 | AE38: 1 | AF38: 1 | AG38: 1 | AH38: 1 | AI38: A demander | AJ38: A demander | AK38: A demander | AN38: 1 | AO38: 1 | AP38: 1 | AQ38: 1 | AR38: 1 | AU38: 1 | AV38: 1 | BI38: 1 | BJ38: 1 | BK38: 0 | BL38: 0 | BM38: 0 | BN38: 0 | BO38: 0
B39: Bloc C | C39: Standard | D39: 229 | E39: 1 | F39: 1 | G39: 1 | H39: 1 | I39: 1 | J39: A demander | L39: 1 | N39: A demander | P39: 0 | Q39: 1 | R39: À demander | S39: A demander | T39: 0 | U39: A demander | V39: 0 | W39: 0 | X39: 0 | Y39: 0 | Z39: 0 | AA39: 0 | AB39: 0 | AC39: 0 | AD39: 0 | AE39: 0 | AF39: 0 | AG39: 0 | AH39: 0 | AI39: A demander | AJ39: A demander | AK39: A demander | AL39: 0 | AM39: 0 | AO39: A demander | AP39: A demander | AR39: 1 | AU39: 1 | AV39: 1 | BI39: 0 | BJ39: 0 | BK39: 0 | BL39: 0 | BM39: 0 | BN39: 0 | BO39: 0
B40: Bloc C | C40: Standard | D40: 230 | E40: 1 | F40: 1 | G40: 1 | H40: 1 | I40: 1 | J40: A demander | L40: 1 | M40: 1 | N40: A demander | O40: 1 | P40: 1 | Q40: 1 | R40: À demander | S40: A demander | T40: 0 | U40: A demander | V40: 0 | W40: 0 | X40: 0 | Y40: 0 | Z40: 0 | AA40: 0 | AB40: 0 | AC40: 0 | AD40: 0 | AE40: 0 | AF40: 0 | AG40: 0 | AH40: 0 | AI40: A demander | AJ40: A demander | AK40: A demander | AL40: 0 | AM40: 0 | AO40: A demander | AP40: A demander | AR40: 1 | AU40: 1 | AV40: 1 | BI40: 0 | BJ40: 0 | BK40: 0 | BL40: 0 | BM40: 0 | BN40: 0 | BO40: 0
B41: Bloc C | C41: Standard | D41: 231 | E41: 1 | F41: 1 | G41: 1 | H41: 1 | I41: 1 | J41: A demander | L41: 1 | M41: 1 | N41: A demander | O41: 1 | P41: 1 | Q41: 1 | R41: À demander | S41: A demander | T41: 0 | U41: A demander | V41: 0 | W41: 0 | X41: 0 | Y41: 0 | Z41: 0 | AA41: 0 | AB41: 0 | AC41: 0 | AD41: 0 | AE41: 0 | AF41: 0 | AG41: 0 | AH41: 0 | AI41: A demander | AJ41: A demander | AK41: A demander | AL41: 0 | AM41: 0 | AO41: A demander | AP41: A demander | AR41: 1 | AU41: 1 | AV41: 1 | BI41: 0 | BJ41: 0 | BK41: 0 | BL41: 0 | BM41: 0 | BN41: 0 | BO41: 0
B42: Bloc C | C42: Standard | D42: 232 | E42: 1 | F42: 1 | G42: 1 | H42: 1 | I42: 1 | J42: A demander | L42: 1 | M42: 1 | N42: A demander | O42: 1 | P42: 1 | Q42: 1 | R42: À demander | S42: A demander | T42: 0 | U42: A demander | V42: 0 | W42: 0 | X42: 0 | Y42: 0 | Z42: 0 | AA42: 0 | AB42: 0 | AC42: 0 | AD42: 0 | AE42: 0 | AF42: 0 | AG42: 0 | AH42: 0 | AI42: A demander | AJ42: A demander | AK42: A demander | AL42: 0 | AM42: 0 | AO42: A demander | AP42: A demander | AR42: 1 | AU42: 1 | AV42: 1 | BI42: 0 | BJ42: 0 | BK42: 0 | BL42: 0 | BM42: 0 | BN42: 0 | BO42: 0
B43: Bloc C | C43: Standard | D43: 233 | E43: 1 | F43: 1 | G43: 1 | H43: 1 | I43: 1 | J43: A demander | L43: 1 | M43: 1 | N43: A demander | O43: 1 | P43: 1 | Q43: 1 | R43: À demander | S43: A demander | T43: 0 | U43: A demander | V43: 0 | W43: 0 | X43: 0 | Y43: 0 | Z43: 0 | AA43: 0 | AB43: 0 | AC43: 0 | AD43: 0 | AE43: 0 | AF43: 0 | AG43: 0 | AH43: 0 | AI43: A demander | AJ43: A demander | AK43: A demander | AL43: 0 | AM43: 0 | AO43: A demander | AP43: A demander | AR43: 1 | AU43: 1 | AV43: 1 | BI43: 0 | BJ43: 0 | BK43: 0 | BL43: 0 | BM43: 0 | BN43: 0 | BO43: 0
B44: Bloc C | C44: Standard | D44: 234 | E44: 1 | F44: 1 | G44: 1 | H44: 1 | I44: 1 | J44: A demander | L44: 1 | M44: 1 | N44: A demander | O44: 1 | P44: 1 | Q44: 1 | R44: À demander | S44: A demander | T44: 0 | U44: A demander | V44: 0 | W44: 0 | X44: 0 | Y44: 0 | Z44: 0 | AA44: 0 | AB44: 0 | AC44: 0 | AD44: 0 | AE44: 0 | AF44: 0 | AG44: 0 | AH44: 0 | AI44: A demander | AJ44: A demander | AK44: A demander | AL44: 0 | AM44: 0 | AO44: A demander | AP44: A demander | AR44: 1 | AU44: 1 | AV44: 1 | BI44: 0 | BJ44: 0 | BK44: 0 | BL44: 0 | BM44: 0 | BN44: 0 | BO44: 0
A45: R+3 | B45: Bloc A | C45: Standard | D45: 301 | E45: 1 | F45: 1 | G45: 1 | H45: 1 | I45: 1 | J45: A demander | L45: 1 | N45: A demander | O45: 1 | P45: 0 | Q45: 1 | R45: À demander | S45: A demander | T45: 0 | U45: A demander | V45: 0 | W45: 0 | X45: 0 | Y45: 0 | Z45: 0 | AA45: 0 | AB45: 0 | AC45: 0 | AD45: 0 | AE45: 0 | AF45: 0 | AG45: 0 | AH45: 0 | AI45: A demander | AJ45: A demander | AK45: A demander | AL45: 0 | AM45: 0 | AO45: A demander | AP45: A demander | AR45: 1 | AU45: 1 | AV45: 1 | BI45: 0 | BJ45: 0 | BK45: 0 | BL45: 0 | BM45: 0 | BN45: 0 | BO45: 0
B46: Bloc A | C46: Standard | D46: 302 | E46: 1 | F46: 1 | G46: 1 | H46: 1 | I46: 1 | J46: A demander | L46: 1 | N46: A demander | O46: 1 | P46: 0 | Q46: 1 | R46: À demander | S46: A demander | T46: 0 | U46: A demander | V46: 0 | W46: 0 | X46: 0 | Y46: 0 | Z46: 0 | AA46: 0 | AB46: 0 | AC46: 0 | AD46: 0 | AE46: 0 | AF46: 0 | AG46: 0 | AH46: 0 | AI46: A demander | AJ46: A demander | AK46: A demander | AL46: 0 | AM46: 0 | AO46: A demander | AP46: A demander | AR46: 1 | AU46: 1 | AV46: 1 | BI46: 0 | BJ46: 0 | BK46: 0 | BL46: 0 | BM46: 0 | BN46: 0 | BO46: 0
B47: Bloc A | C47: Junior | D47: 303 | E47: 1 | F47: 1 | G47: 1 | H47: 1 | I47: 1 | J47: A demander | L47: 0.4 | N47: A demander | O47: 0 | P47: 0 | Q47: 1 | R47: À demander | S47: A demander | T47: 0 | U47: A demander | V47: 0 | W47: 0 | X47: 0 | Y47: 0 | Z47: 0 | AA47: 0 | AB47: 0 | AC47: 0 | AD47: 0 | AE47: 0 | AF47: 0 | AG47: 0 | AH47: 0 | AI47: A demander | AJ47: A demander | AK47: A demander | AL47: 0 | AM47: 0 | AO47: A demander | AP47: A demander | AR47: 1 | AU47: 1 | AV47: 1 | BI47: 0 | BJ47: 0 | BK47: 0 | BL47: 0 | BM47: 0 | BN47: 0 | BO47: 0
B48: Bloc A | C48: Standard | D48: 304 | E48: 1 | F48: 1 | G48: 1 | H48: 1 | I48: 1 | J48: A demander | L48: 1 | M48: 1 | N48: A demander | O48: 1 | P48: 1 | Q48: 1 | R48: À demander | S48: A demander | T48: 0 | U48: A demander | V48: 0 | W48: 0 | X48: 0 | Y48: 0 | Z48: 0 | AA48: 0 | AB48: 0 | AC48: 0 | AD48: 0 | AE48: 0 | AF48: 0 | AG48: 0 | AH48: 0 | AI48: A demander | AJ48: A demander | AK48: A demander | AL48: 0 | AM48: 0 | AO48: A demander | AP48: A demander | AR48: 1 | AU48: 1 | AV48: 1 | BI48: 0 | BJ48: 0 | BK48: 0 | BL48: 0 | BM48: 0 | BN48: 0 | BO48: 0
B49: Bloc A | C49: Standard | D49: 305 | E49: 1 | F49: 1 | G49: 1 | H49: 1 | I49: 1 | J49: A demander | L49: 1 | M49: 1 | N49: A demander | O49: 1 | P49: 1 | Q49: 1 | R49: À demander | S49: A demander | T49: 0 | U49: A demander | V49: 0 | W49: 0 | X49: 0 | Y49: 0 | Z49: 0 | AA49: 0 | AB49: 0 | AC49: 0 | AD49: 0 | AE49: 0 | AF49: 0 | AG49: 0 | AH49: 0 | AI49: A demander | AJ49: A demander | AK49: A demander | AL49: 0 | AM49: 0 | AO49: A demander | AP49: A demander | AR49: 1 | AU49: 1 | AV49: 1 | BI49: 0 | BJ49: 0 | BK49: 0 | BL49: 0 | BM49: 0 | BN49: 0 | BO49: 0
B50: Bloc A | C50: Junior | D50: 306 | E50: 1 | F50: 1 | G50: 1 | H50: 1 | I50: 1 | J50: A demander | L50: 1 | M50: 0.5 | N50: A demander | O50: 0 | P50: 0 | Q50: 1 | R50: À demander | S50: A demander | T50: 0 | U50: A demander | V50: 0 | W50: 0 | X50: 0 | Y50: 0 | Z50: 0 | AA50: 0 | AB50: 0 | AC50: 0 | AD50: 0 | AE50: 0 | AF50: 0 | AG50: 0 | AH50: 0 | AI50: A demander | AJ50: A demander | AK50: A demander | AL50: 0 | AM50: 0 | AO50: A demander | AP50: A demander | AR50: 1 | AU50: 1 | AV50: 1 | BI50: 0 | BJ50: 0 | BK50: 0 | BL50: 0 | BM50: 0 | BN50: 0 | BO50: 0
B51: Bloc A | C51: Standard | D51: 307 | E51: 1 | F51: 1 | G51: 1 | H51: 1 | I51: 1 | J51: A demander | L51: 1 | M51: 1 | N51: A demander | O51: 1 | P51: 1 | Q51: 1 | R51: À demander | S51: A demander | T51: 0 | U51: A demander | V51: 0 | W51: 0 | X51: 0 | Y51: 0 | Z51: 0 | AA51: 0 | AB51: 0 | AC51: 0 | AD51: 0 | AE51: 0 | AF51: 0 | AG51: 0 | AH51: 0 | AI51: A demander | AJ51: A demander | AK51: A demander | AL51: 0 | AM51: 0 | AO51: A demander | AP51: A demander | AR51: 1 | AU51: 1 | AV51: 1 | BI51: 0 | BJ51: 0 | BK51: 0 | BL51: 0 | BM51: 0 | BN51: 0 | BO51: 0
B52: Bloc A | C52: Standard | D52: 318 | E52: 1 | F52: 1 | G52: 1 | H52: 1 | I52: 1 | J52: A demander | L52: 1 | M52: 0.4 | N52: A demander | O52: 1 | P52: 0 | Q52: 1 | R52: À demander | S52: A demander | T52: 0 | U52: A demander | V52: 0 | W52: 0 | X52: 0 | Y52: 0 | Z52: 0 | AA52: 0 | AB52: 0 | AC52: 0 | AD52: 0 | AE52: 0 | AF52: 0 | AG52: 0 | AH52: 0 | AI52: A demander | AJ52: A demander | AK52: A demander | AL52: 0 | AM52: 0 | AO52: A demander | AP52: A demander | AR52: 1 | AU52: 1 | AV52: 1 | BI52: 0 | BJ52: 0 | BK52: 0 | BL52: 0 | BM52: 0 | BN52: 0 | BO52: 0
B53: Bloc A | C53: Standard | D53: 319 | E53: 1 | F53: 1 | G53: 1 | H53: 1 | I53: 1 | J53: A demander | L53: 1 | M53: 1 | N53: A demander | O53: 1 | P53: 1 | Q53: 1 | R53: À demander | S53: A demander | T53: 0 | U53: A demander | V53: 0 | W53: 0 | X53: 0 | Y53: 0 | Z53: 0 | AA53: 0 | AB53: 0 | AC53: 0 | AD53: 0 | AE53: 0 | AF53: 0 | AG53: 0 | AH53: 0 | AI53: A demander | AJ53: A demander | AK53: A demander | AL53: 0 | AM53: 0 | AO53: A demander | AP53: A demander | AR53: 1 | AU53: 1 | AV53: 1 | BI53: 0 | BJ53: 0 | BK53: 0 | BL53: 0 | BM53: 0 | BN53: 0 | BO53: 0
B54: Bloc A | C54: Standard | D54: 320 | E54: 1 | F54: 1 | G54: 1 | H54: 1 | I54: 1 | J54: A demander | L54: 1 | M54: 1 | N54: A demander | O54: 1 | P54: 1 | Q54: 1 | R54: À demander | S54: A demander | T54: 0 | U54: A demander | V54: 0 | W54: 0 | X54: 0 | Y54: 0 | Z54: 0 | AA54: 0 | AB54: 0 | AC54: 0 | AD54: 0 | AE54: 0 | AF54: 0 | AG54: 0 | AH54: 0 | AI54: A demander | AJ54: A demander | AK54: A demander | AL54: 0 | AM54: 0 | AO54: A demander | AP54: A demander | AR54: 1 | AU54: 1 | AV54: 1 | BI54: 0 | BJ54: 0 | BK54: 0 | BL54: 0 | BM54: 0 | BN54: 0 | BO54: 0
B55: Bloc A | C55: Junior | D55: 335 | E55: 1 | F55: 1 | G55: 1 | H55: 1 | I55: 1 | J55: A demander | L55: 1 | N55: A demander | P55: 0 | Q55: 1 | R55: À demander | S55: A demander | T55: 0 | U55: A demander | V55: 0 | W55: 0 | X55: 0 | Y55: 0 | Z55: 0 | AA55: 0 | AB55: 0 | AC55: 0 | AD55: 0 | AE55: 0 | AF55: 0 | AG55: 0 | AH55: 0 | AI55: A demander | AJ55: A demander | AK55: A demander | AL55: 0 | AM55: 0 | AO55: A demander | AP55: A demander | AR55: 1 | AU55: 1 | AV55: 1 | BI55: 0 | BJ55: 0 | BK55: 0 | BL55: 0 | BM55: 0 | BN55: 0 | BO55: 0
B56: Bloc A | C56: Standard | D56: 336 | E56: 1 | F56: 1 | G56: 1 | H56: 1 | I56: 1 | J56: A demander | L56: 1 | M56: 0.5 | N56: A demander | O56: 1 | P56: 0 | Q56: 1 | R56: À demander | S56: A demander | T56: 0 | U56: A demander | V56: 0 | W56: 0 | X56: 0 | Y56: 0 | Z56: 0 | AA56: 0 | AB56: 0 | AC56: 0 | AD56: 0 | AE56: 0 | AF56: 0 | AG56: 0 | AH56: 0 | AI56: A demander | AJ56: A demander | AK56: A demander | AL56: 0 | AM56: 0 | AO56: A demander | AP56: A demander | AR56: 0 | AU56: 1 | AV56: 1 | BI56: 0 | BJ56: 0 | BK56: 0 | BL56: 0 | BM56: 0 | BN56: 0 | BO56: 0
B57: Bloc A | C57: Standard | D57: 337 | E57: 1 | F57: 1 | G57: 1 | H57: 1 | I57: 1 | J57: A demander | L57: 1 | M57: 0.5 | N57: A demander | O57: 0 | P57: 0 | Q57: 1 | R57: À demander | S57: A demander | T57: 0 | U57: A demander | V57: 0 | W57: 0 | X57: 0 | Y57: 0 | Z57: 0 | AA57: 0 | AB57: 0 | AC57: 0 | AD57: 0 | AE57: 0 | AF57: 0 | AG57: 0 | AH57: 0 | AI57: A demander | AJ57: A demander | AK57: A demander | AL57: 0 | AM57: 0 | AO57: A demander | AP57: A demander | AR57: 1 | AU57: 1 | AV57: 1 | BI57: 0 | BJ57: 0 | BK57: 0 | BL57: 0 | BM57: 0 | BN57: 0 | BO57: 0
B58: Bloc A | C58: Standard | D58: 338 | E58: 1 | F58: 1 | G58: 1 | H58: 1 | I58: 1 | J58: A demander | L58: 1 | M58: 0.5 | N58: A demander | O58: 1 | P58: 0 | Q58: 1 | R58: À demander | S58: A demander | T58: 0 | U58: A demander | V58: 0 | W58: 0 | X58: 0 | Y58: 0 | Z58: 0 | AA58: 0 | AB58: 0 | AC58: 0 | AD58: 0 | AE58: 0 | AF58: 0 | AG58: 0 | AH58: 0 | AI58: A demander | AJ58: A demander | AK58: A demander | AL58: 0 | AM58: 0 | AO58: A demander | AP58: A demander | AR58: 1 | AU58: 1 | AV58: 1 | BI58: 0 | BJ58: 0 | BK58: 0 | BL58: 0 | BM58: 0 | BN58: 0 | BO58: 0
B59: Bloc A | C59: Standard | D59: 339 | E59: 1 | F59: 1 | G59: 1 | H59: 1 | I59: 1 | J59: A demander | L59: 0 | N59: A demander | O59: 0 | P59: 0 | Q59: 1 | R59: À demander | S59: A demander | T59: 0 | U59: A demander | V59: 0 | W59: 0 | X59: 0 | Y59: 0 | Z59: 0 | AA59: 0 | AB59: 0 | AC59: 0 | AD59: 0 | AE59: 0 | AF59: 0 | AG59: 0 | AH59: 0 | AI59: A demander | AJ59: A demander | AK59: A demander | AL59: 0 | AM59: 0 | AO59: A demander | AP59: A demander | AR59: 1 | AU59: 1 | AV59: 1 | BI59: 0 | BJ59: 0 | BK59: 0 | BL59: 0 | BM59: 0 | BN59: 0 | BO59: 0
B60: Bloc A | C60: Standard | D60: 340 | E60: 1 | F60: 1 | G60: 1 | H60: 1 | I60: 1 | J60: A demander | L60: 1 | M60: 0.5 | N60: A demander | O60: 1 | P60: 0 | Q60: 1 | R60: À demander | S60: A demander | T60: 0 | U60: A demander | V60: 0 | W60: 0 | X60: 0 | Y60: 0 | Z60: 0 | AA60: 0 | AB60: 0 | AC60: 0 | AD60: 0 | AE60: 0 | AF60: 0 | AG60: 0 | AH60: 0 | AI60: A demander | AJ60: A demander | AK60: A demander | AL60: 0 | AM60: 0 | AO60: A demander | AP60: A demander | AR60: 1 | AU60: 1 | AV60: 1 | BI60: 0 | BJ60: 0 | BK60: 0 | BL60: 0 | BM60: 0 | BN60: 0 | BO60: 0
B61: Bloc B | C61: Standard | D61: 308 | E61: 1 | F61: 1 | G61: 1 | H61: 1 | I61: 1 | J61: A demander | L61: 1 | M61: 0.5 | N61: A demander | O61: 1 | P61: 0 | Q61: 1 | R61: À demander | S61: A demander | T61: 0 | U61: A demander | V61: 0 | W61: 0 | X61: 0 | Y61: 0 | Z61: 0 | AA61: 0 | AB61: 0 | AC61: 0 | AD61: 0 | AE61: 0 | AF61: 0 | AG61: 0 | AH61: 0 | AI61: A demander | AJ61: A demander | AK61: A demander | AL61: 0 | AM61: 0 | AO61: A demander | AP61: A demander | AR61: 1 | AU61: 1 | AV61: 1 | BI61: 0 | BJ61: 0 | BK61: 0 | BL61: 0 | BM61: 0 | BN61: 0 | BO61: 0
B62: Bloc B | C62: Junior | D62: 309 | E62: 1 | F62: 1 | G62: 1 | H62: 1 | I62: 1 | J62: A demander | L62: 1 | N62: A demander | O62: 0 | P62: 0 | Q62: 1 | R62: À demander | S62: A demander | T62: 0 | U62: A demander | V62: 0 | W62: 0 | X62: 0 | Y62: 0 | Z62: 0 | AA62: 0 | AB62: 0 | AC62: 0 | AD62: 0 | AE62: 0 | AF62: 0 | AG62: 0 | AH62: 0 | AI62: A demander | AJ62: A demander | AK62: A demander | AL62: 0 | AM62: 0 | AO62: A demander | AP62: A demander | AR62: 1 | AU62: 1 | AV62: 1 | BI62: 0 | BJ62: 0 | BK62: 0 | BL62: 0 | BM62: 0 | BN62: 0 | BO62: 0
B63: Bloc B | C63: Junior | D63: 310 | E63: 1 | F63: 1 | G63: 1 | H63: 1 | I63: 1 | J63: A demander | L63: 0.4 | N63: A demander | O63: 0 | P63: 0 | Q63: 1 | R63: À demander | S63: A demander | T63: 0 | U63: A demander | V63: 0 | W63: 0 | X63: 0 | Y63: 0 | Z63: 0 | AA63: 0 | AB63: 0 | AC63: 0 | AD63: 0 | AE63: 0 | AF63: 0 | AG63: 0 | AH63: 0 | AI63: A demander | AJ63: A demander | AK63: A demander | AL63: 0 | AM63: 0 | AO63: A demander | AP63: A demander | AR63: 1 | AU63: 1 | AV63: 1 | BI63: 0 | BJ63: 0 | BK63: 0 | BL63: 0 | BM63: 0 | BN63: 0 | BO63: 0
B64: Bloc B | C64: Standard | D64: 311 | E64: 1 | F64: 1 | G64: 1 | H64: 1 | I64: 1 | J64: A demander | L64: 1 | N64: A demander | O64: 0 | P64: 0 | Q64: 1 | R64: À demander | S64: A demander | T64: 0 | U64: A demander | V64: 0 | W64: 0 | X64: 0 | Y64: 0 | Z64: 0 | AA64: 0 | AB64: 0 | AC64: 0 | AD64: 0 | AE64: 0 | AF64: 0 | AG64: 0 | AH64: 0 | AI64: A demander | AJ64: A demander | AK64: A demander | AL64: 0 | AM64: 0 | AO64: A demander | AP64: A demander | AR64: 1 | AU64: 1 | AV64: 1 | BI64: 0 | BJ64: 0 | BK64: 0 | BL64: 0 | BM64: 0 | BN64: 0 | BO64: 0
B65: Bloc B | C65: Junior | D65: 312 | E65: 1 | F65: 1 | G65: 1 | H65: 1 | I65: 1 | J65: A demander | L65: 0.3 | N65: A demander | O65: 0 | P65: 0 | Q65: 1 | R65: À demander | S65: A demander | T65: 0 | U65: A demander | V65: 0 | W65: 0 | X65: 0 | Y65: 0 | Z65: 0 | AA65: 0 | AB65: 0 | AC65: 0 | AD65: 0 | AE65: 0 | AF65: 0 | AG65: 0 | AH65: 0 | AI65: A demander | AJ65: A demander | AK65: A demander | AL65: 0 | AM65: 0 | AO65: A demander | AP65: A demander | AR65: 1 | AU65: 1 | AV65: 1 | BI65: 0 | BJ65: 0 | BK65: 0 | BL65: 0 | BM65: 0 | BN65: 0 | BO65: 0
B66: Bloc B | C66: Standard | D66: 313 | E66: 1 | F66: 1 | G66: 1 | H66: 1 | I66: 1 | J66: A demander | L66: 0 | N66: A demander | O66: 0 | P66: 0 | Q66: 1 | R66: À demander | S66: A demander | T66: 0 | U66: A demander | V66: 0 | W66: 0 | X66: 0 | Y66: 0 | Z66: 0 | AA66: 0 | AB66: 0 | AC66: 0 | AD66: 0 | AE66: 0 | AF66: 0 | AG66: 0 | AH66: 0 | AI66: A demander | AJ66: A demander | AK66: A demander | AL66: 0 | AM66: 0 | AO66: A demander | AP66: A demander | AR66: 1 | AU66: 1 | AV66: 1 | BI66: 0 | BJ66: 0 | BK66: 0 | BL66: 0 | BM66: 0 | BN66: 0 | BO66: 0
B67: Bloc B | C67: Executive | D67: 314 | E67: 1 | F67: 1 | G67: 1 | H67: 1 | I67: 1 | J67: A demander | L67: 1 | M67: 1 | N67: A demander | O67: 0 | P67: 1 | Q67: 1 | R67: À demander | S67: A demander | T67: 0 | U67: A demander | V67: 0 | W67: 0 | X67: 0 | Y67: 0 | Z67: 0 | AA67: 0 | AB67: 0 | AC67: 0 | AD67: 0 | AE67: 0 | AF67: 0 | AG67: 0 | AH67: 0 | AI67: A demander | AJ67: A demander | AK67: A demander | AL67: 0 | AM67: 0 | AO67: A demander | AP67: A demander | AR67: 1 | AU67: 1 | AV67: 1 | BI67: 0 | BJ67: 0 | BK67: 0 | BL67: 0 | BM67: 0 | BN67: 0 | BO67: 0
B68: Bloc B | C68: Standard | D68: 315 | E68: 1 | F68: 1 | G68: 1 | H68: 1 | I68: 1 | J68: A demander | L68: 1 | M68: 1 | N68: A demander | O68: 0 | P68: 1 | Q68: 1 | R68: À demander | S68: A demander | T68: 0 | U68: A demander | V68: 0 | W68: 0 | X68: 0 | Y68: 0 | Z68: 0 | AA68: 0 | AB68: 0 | AC68: 0 | AD68: 0 | AE68: 0 | AF68: 0 | AG68: 0 | AH68: 0 | AI68: A demander | AJ68: A demander | AK68: A demander | AL68: 0 | AM68: 0 | AO68: A demander | AP68: A demander | AR68: 1 | AU68: 1 | AV68: 1 | BI68: 0 | BJ68: 0 | BK68: 0 | BL68: 0 | BM68: 0 | BN68: 0 | BO68: 0
B69: Bloc B | C69: Standard | D69: 316 | E69: 1 | F69: 1 | G69: 1 | H69: 1 | I69: 1 | J69: A demander | L69: 1 | M69: 1 | N69: A demander | O69: 0 | P69: 1 | Q69: 1 | R69: À demander | S69: A demander | T69: 0 | U69: A demander | V69: 0 | W69: 0 | X69: 0 | Y69: 0 | Z69: 0 | AA69: 0 | AB69: 0 | AC69: 0 | AD69: 0 | AE69: 0 | AF69: 0 | AG69: 0 | AH69: 0 | AI69: A demander | AJ69: A demander | AK69: A demander | AL69: 0 | AM69: 0 | AO69: A demander | AP69: A demander | AR69: 1 | AU69: 1 | AV69: 1 | BI69: 0 | BJ69: 0 | BK69: 0 | BL69: 0 | BM69: 0 | BN69: 0 | BO69: 0
B70: Bloc B | C70: Junior | D70: 317 | E70: 1 | F70: 1 | G70: 1 | H70: 1 | I70: 1 | J70: A demander | L70: 1 | N70: A demander | O70: 0 | P70: 0 | Q70: 1 | R70: À demander | S70: A demander | T70: 0 | U70: A demander | V70: 0 | W70: 0 | X70: 0 | Y70: 0 | Z70: 0 | AA70: 0 | AB70: 0 | AC70: 0 | AD70: 0 | AE70: 0 | AF70: 0 | AG70: 0 | AH70: 0 | AI70: A demander | AJ70: A demander | AK70: A demander | AL70: 0 | AM70: 0 | AO70: A demander | AP70: A demander | AR70: 1 | AU70: 1 | AV70: 1 | BI70: 0 | BJ70: 0 | BK70: 0 | BL70: 0 | BM70: 0 | BN70: 0 | BO70: 0
B71: Bloc B | C71: Standard | D71: 321 | E71: 1 | F71: 1 | G71: 1 | H71: 1 | I71: 1 | J71: A demander | L71: 1 | M71: 1 | N71: A demander | O71: 1 | P71: 1 | Q71: 1 | R71: À demander | S71: A demander | T71: 0 | U71: A demander | V71: 0 | W71: 0 | X71: 0 | Y71: 0 | Z71: 0 | AA71: 0 | AB71: 0 | AC71: 0 | AD71: 0 | AE71: 0 | AF71: 0 | AG71: 0 | AH71: 0 | AI71: A demander | AJ71: A demander | AK71: A demander | AL71: 0 | AM71: 0 | AO71: A demander | AP71: A demander | AR71: 1 | AU71: 1 | AV71: 1 | BI71: 0 | BJ71: 0 | BK71: 0 | BL71: 0 | BM71: 0 | BN71: 0 | BO71: 0
B72: Bloc B | C72: Standard | D72: 322 | E72: 1 | F72: 1 | G72: 1 | H72: 1 | I72: 1 | J72: A demander | L72: 1 | M72: 1 | N72: A demander | O72: 0 | P72: 1 | Q72: 1 | R72: À demander | S72: A demander | T72: 0 | U72: A demander | V72: 0 | W72: 0 | X72: 0 | Y72: 0 | Z72: 0 | AA72: 0 | AB72: 0 | AC72: 0 | AD72: 0 | AE72: 0 | AF72: 0 | AG72: 0 | AH72: 0 | AI72: A demander | AJ72: A demander | AK72: A demander | AL72: 0 | AM72: 0 | AO72: A demander | AP72: A demander | AR72: 1 | AU72: 1 | AV72: 1 | BI72: 0 | BJ72: 0 | BK72: 0 | BL72: 0 | BM72: 0 | BN72: 0 | BO72: 0
B73: Bloc C | C73: Standard | D73: 323 | E73: 1 | F73: 1 | G73: 1 | H73: 1 | I73: 1 | J73: A demander | L73: 1 | M73: 1 | N73: A demander | O73: 1 | P73: 1 | Q73: 1 | S73: A demander | T73: 0 | U73: A demander | V73: 0 | W73: 0 | X73: 0 | Y73: 0 | Z73: 0 | AA73: 0 | AB73: 0 | AC73: 0 | AD73: 0 | AE73: 0 | AF73: 0 | AG73: 0 | AH73: 0 | AI73: A demander | AJ73: A demander | AK73: A demander | AL73: 0 | AM73: 0 | AO73: A demander | AP73: A demander | AR73: 1 | AU73: 1 | AV73: 1 | BI73: 0 | BJ73: 0 | BK73: 0 | BL73: 0 | BM73: 0 | BN73: 0 | BO73: 0
B74: Bloc C | C74: Standard | D74: 324 | E74: 1 | F74: 1 | G74: 1 | H74: 1 | I74: 1 | J74: A demander | L74: 1 | M74: 1 | N74: A demander | O74: 1 | P74: 1 | Q74: 1 | S74: A demander | T74: 0 | U74: A demander | V74: 0 | W74: 0 | X74: 0 | Y74: 0 | Z74: 0 | AA74: 0 | AB74: 0 | AC74: 0 | AD74: 0 | AE74: 0 | AF74: 0 | AG74: 0 | AH74: 0 | AI74: A demander | AJ74: A demander | AK74: A demander | AL74: 0 | AM74: 0 | AO74: A demander | AP74: A demander | AR74: 1 | AU74: 1 | AV74: 1 | BI74: 0 | BJ74: 0 | BK74: 0 | BL74: 0 | BM74: 0 | BN74: 0 | BO74: 0
B75: Bloc C | C75: Standard | D75: 325 | E75: 1 | F75: 1 | G75: 1 | H75: 1 | I75: 1 | J75: A demander | L75: 1 | M75: 1 | N75: A demander | O75: 1 | P75: 1 | Q75: 1 | S75: A demander | T75: 0 | U75: A demander | V75: 0 | W75: 0 | X75: 0 | Y75: 0 | Z75: 0 | AA75: 0 | AB75: 0 | AC75: 0 | AD75: 0 | AE75: 0 | AF75: 0 | AG75: 0 | AH75: 0 | AI75: A demander | AJ75: A demander | AK75: A demander | AL75: 0 | AM75: 0 | AO75: A demander | AP75: A demander | AR75: 1 | AU75: 1 | AV75: 1 | BI75: 0 | BJ75: 0 | BK75: 0 | BL75: 0 | BM75: 0 | BN75: 0 | BO75: 0
B76: Bloc C | C76: Standard | D76: 326 | E76: 1 | F76: 1 | G76: 1 | H76: 1 | I76: 1 | J76: A demander | L76: 1 | M76: 1 | N76: A demander | O76: 1 | P76: 1 | Q76: 1 | S76: A demander | T76: 0 | U76: A demander | V76: 0 | W76: 0 | X76: 0 | Y76: 0 | Z76: 0 | AA76: 0 | AB76: 0 | AC76: 0 | AD76: 0 | AE76: 0 | AF76: 0 | AG76: 0 | AH76: 0 | AI76: A demander | AJ76: A demander | AK76: A demander | AL76: 0 | AM76: 0 | AO76: A demander | AP76: A demander | AR76: 1 | AU76: 1 | AV76: 1 | BI76: 0 | BJ76: 0 | BK76: 0 | BL76: 0 | BM76: 0 | BN76: 0 | BO76: 0
B77: Bloc C | C77: Junior | D77: 327 | E77: 1 | F77: 1 | G77: 1 | H77: 1 | I77: 1 | J77: A demander | L77: 1 | N77: A demander | O77: 0 | P77: 0 | Q77: 1 | S77: A demander | T77: 0 | U77: A demander | V77: 0 | W77: 0 | X77: 0 | Y77: 0 | Z77: 0 | AA77: 0 | AB77: 0 | AC77: 0 | AD77: 0 | AE77: 0 | AF77: 0 | AG77: 0 | AH77: 0 | AI77: A demander | AJ77: A demander | AK77: A demander | AL77: 0 | AM77: 0 | AO77: A demander | AP77: A demander | AR77: 1 | AU77: 1 | AV77: 1 | BI77: 0 | BJ77: 0 | BK77: 0 | BL77: 0 | BM77: 0 | BN77: 0 | BO77: 0
B78: Bloc C | C78: Standard | D78: 328 | E78: 1 | F78: 1 | G78: 1 | H78: 1 | I78: 1 | J78: A demander | L78: 1 | M78: 1 | N78: A demander | O78: 1 | P78: 1 | Q78: 1 | S78: A demander | T78: 0 | U78: A demander | V78: 0 | W78: 0 | X78: 0 | Y78: 0 | Z78: 0 | AA78: 0 | AB78: 0 | AC78: 0 | AD78: 0 | AE78: 0 | AF78: 0 | AG78: 0 | AH78: 0 | AI78: A demander | AJ78: A demander | AK78: A demander | AL78: 0 | AM78: 0 | AO78: A demander | AP78: A demander | AR78: 1 | AU78: 1 | AV78: 1 | BI78: 0 | BJ78: 0 | BK78: 0 | BL78: 0 | BM78: 0 | BN78: 0 | BO78: 0
B79: Bloc C | C79: Standard | D79: 329 | E79: 1 | F79: 1 | G79: 1 | H79: 1 | I79: 1 | J79: A demander | L79: 1 | N79: A demander | O79: 1 | P79: 0 | Q79: 1 | S79: A demander | T79: 0 | U79: A demander | V79: 0 | W79: 0 | X79: 0 | Y79: 0 | Z79: 0 | AA79: 0 | AB79: 0 | AC79: 0 | AD79: 0 | AE79: 0 | AF79: 0 | AG79: 0 | AH79: 0 | AI79: A demander | AJ79: A demander | AK79: A demander | AL79: 0 | AM79: 0 | AO79: A demander | AP79: A demander | AR79: 1 | AU79: 1 | AV79: 1 | BI79: 0 | BJ79: 0 | BK79: 0 | BL79: 0 | BM79: 0 | BN79: 0 | BO79: 0
B80: Bloc C | C80: Standard | D80: 330 | E80: 1 | F80: 1 | G80: 1 | H80: 1 | I80: 1 | J80: A demander | L80: 1 | N80: A demander | O80: 1 | P80: 0 | Q80: 1 | S80: A demander | T80: 0 | U80: A demander | V80: 0 | W80: 0 | X80: 0 | Y80: 0 | Z80: 0 | AA80: 0 | AB80: 0 | AC80: 0 | AD80: 0 | AE80: 0 | AF80: 0 | AG80: 0 | AH80: 0 | AI80: A demander | AJ80: A demander | AK80: A demander | AL80: 0 | AM80: 0 | AO80: A demander | AP80: A demander | AR80: 1 | AU80: 1 | AV80: 1 | BI80: 0 | BJ80: 0 | BK80: 0 | BL80: 0 | BM80: 0 | BN80: 0 | BO80: 0
B81: Bloc C | C81: Standard | D81: 331 | E81: 1 | F81: 1 | G81: 1 | H81: 1 | I81: 1 | J81: A demander | L81: 1 | N81: A demander | O81: 1 | P81: 0 | Q81: 1 | S81: A demander | T81: 0 | U81: A demander | V81: 0 | W81: 0 | X81: 0 | Y81: 0 | Z81: 0 | AA81: 0 | AB81: 0 | AC81: 0 | AD81: 0 | AE81: 0 | AF81: 0 | AG81: 0 | AH81: 0 | AI81: A demander | AJ81: A demander | AK81: A demander | AL81: 0 | AM81: 0 | AO81: A demander | AP81: A demander | AR81: 1 | AU81: 1 | AV81: 1 | BI81: 0 | BJ81: 0 | BK81: 0 | BL81: 0 | BM81: 0 | BN81: 0 | BO81: 0
B82: Bloc C | C82: Standard | D82: 332 | E82: 1 | F82: 1 | G82: 1 | H82: 1 | I82: 1 | J82: A demander | L82: 1 | N82: A demander | O82: 1 | P82: 0 | Q82: 1 | S82: A demander | T82: 0 | U82: A demander | V82: 0 | W82: 0 | X82: 0 | Y82: 0 | Z82: 0 | AA82: 0 | AB82: 0 | AC82: 0 | AD82: 0 | AE82: 0 | AF82: 0 | AG82: 0 | AH82: 0 | AI82: A demander | AJ82: A demander | AK82: A demander | AL82: 0 | AM82: 0 | AO82: A demander | AP82: A demander | AR82: 1 | AU82: 1 | AV82: 1 | BI82: 0 | BJ82: 0 | BK82: 0 | BL82: 0 | BM82: 0 | BN82: 0 | BO82: 0
B83: Bloc C | C83: Standard | D83: 333 | E83: 1 | F83: 1 | G83: 1 | H83: 1 | I83: 1 | J83: A demander | L83: 1 | N83: A demander | O83: 1 | P83: 0 | Q83: 1 | S83: A demander | T83: 0 | U83: A demander | V83: 0 | W83: 0 | X83: 0 | Y83: 0 | Z83: 0 | AA83: 0 | AB83: 0 | AC83: 0 | AD83: 0 | AE83: 0 | AF83: 0 | AG83: 0 | AH83: 0 | AI83: A demander | AJ83: A demander | AK83: A demander | AL83: 0 | AM83: 0 | AO83: A demander | AP83: A demander | AR83: 1 | AU83: 1 | AV83: 1 | BI83: 0 | BJ83: 0 | BK83: 0 | BL83: 0 | BM83: 0 | BN83: 0 | BO83: 0
B84: Bloc C | C84: Standard | D84: 334 | E84: 1 | F84: 1 | G84: 1 | H84: 1 | I84: 1 | J84: A demander | L84: 1 | N84: A demander | O84: 0 | P84: 0 | Q84: 1 | S84: A demander | T84: 0 | U84: A demander | V84: 0 | W84: 0 | X84: 0 | Y84: 0 | Z84: 0 | AA84: 0 | AB84: 0 | AC84: 0 | AD84: 0 | AE84: 0 | AF84: 0 | AG84: 0 | AH84: 0 | AI84: A demander | AJ84: A demander | AK84: A demander | AL84: 0 | AM84: 0 | AO84: A demander | AP84: A demander | AR84: 1 | AU84: 1 | AV84: 1 | BI84: 0 | BJ84: 0 | BK84: 0 | BL84: 0 | BM84: 0 | BN84: 0 | BO84: 0
A85: R+4 | B85: Bloc A | C85: Standard | D85: 401 | E85: 1 | F85: 1 | G85: 1 | H85: 1 | I85: 1 | J85: A demander | N85: A demander | S85: A demander | T85: 0 | U85: A demander | V85: 0 | W85: 0 | X85: 0 | Y85: 0 | Z85: 0 | AA85: 0 | AB85: 0 | AC85: 0 | AD85: 0 | AE85: 0 | AF85: 0 | AG85: 0 | AH85: 0 | AI85: A demander | AJ85: A demander | AK85: A demander | AL85: 0 | AM85: 0 | AO85: A demander | AP85: A demander | BI85: 0 | BJ85: 0 | BK85: 0 | BL85: 0 | BM85: 0 | BN85: 0 | BO85: 0
B86: Bloc A | C86: Standard | D86: 402 | E86: 1 | F86: 1 | G86: 1 | H86: 1 | I86: 1 | J86: A demander | N86: A demander | S86: A demander | T86: 0 | U86: A demander | V86: 0 | W86: 0 | X86: 0 | Y86: 0 | Z86: 0 | AA86: 0 | AB86: 0 | AC86: 0 | AD86: 0 | AE86: 0 | AF86: 0 | AG86: 0 | AH86: 0 | AI86: A demander | AJ86: A demander | AK86: A demander | AL86: 0 | AM86: 0 | AO86: A demander | AP86: A demander | BI86: 0 | BJ86: 0 | BK86: 0 | BL86: 0 | BM86: 0 | BN86: 0 | BO86: 0
B87: Bloc A | C87: Junior | D87: 403 | E87: 1 | F87: 1 | G87: 1 | H87: 1 | I87: 1 | J87: A demander | N87: A demander | S87: A demander | T87: 0 | U87: A demander | V87: 0 | W87: 0 | X87: 0 | Y87: 0 | Z87: 0 | AA87: 0 | AB87: 0 | AC87: 0 | AD87: 0 | AE87: 0 | AF87: 0 | AG87: 0 | AH87: 0 | AI87: A demander | AJ87: A demander | AK87: A demander | AL87: 0 | AM87: 0 | AO87: A demander | AP87: A demander | BI87: 0 | BJ87: 0 | BK87: 0 | BL87: 0 | BM87: 0 | BN87: 0 | BO87: 0
B88: Bloc A | C88: Standard | D88: 404 | E88: 1 | F88: 1 | G88: 1 | H88: 1 | I88: 1 | J88: A demander | N88: A demander | S88: A demander | T88: 0 | U88: A demander | V88: 0 | W88: 0 | X88: 0 | Y88: 0 | Z88: 0 | AA88: 0 | AB88: 0 | AC88: 0 | AD88: 0 | AE88: 0 | AF88: 0 | AG88: 0 | AH88: 0 | AI88: A demander | AJ88: A demander | AK88: A demander | AL88: 0 | AM88: 0 | AO88: A demander | AP88: A demander | BI88: 0 | BJ88: 0 | BK88: 0 | BL88: 0 | BM88: 0 | BN88: 0 | BO88: 0
B89: Bloc A | C89: Standard | D89: 405 | E89: 1 | F89: 1 | G89: 1 | H89: 1 | I89: 1 | J89: A demander | N89: A demander | S89: A demander | T89: 0 | U89: A demander | V89: 0 | W89: 0 | X89: 0 | Y89: 0 | Z89: 0 | AA89: 0 | AB89: 0 | AC89: 0 | AD89: 0 | AE89: 0 | AF89: 0 | AG89: 0 | AH89: 0 | AI89: A demander | AJ89: A demander | AK89: A demander | AL89: 0 | AM89: 0 | AO89: A demander | AP89: A demander | BI89: 0 | BJ89: 0 | BK89: 0 | BL89: 0 | BM89: 0 | BN89: 0 | BO89: 0
B90: Bloc A | C90: Junior | D90: 406 | E90: 1 | F90: 1 | G90: 1 | H90: 1 | I90: 1 | J90: A demander | N90: A demander | S90: A demander | T90: 0 | U90: A demander | V90: 0 | W90: 0 | X90: 0 | Y90: 0 | Z90: 0 | AA90: 0 | AB90: 0 | AC90: 0 | AD90: 0 | AE90: 0 | AF90: 0 | AG90: 0 | AH90: 0 | AI90: A demander | AJ90: A demander | AK90: A demander | AL90: 0 | AM90: 0 | AO90: A demander | AP90: A demander | BI90: 0 | BJ90: 0 | BK90: 0 | BL90: 0 | BM90: 0 | BN90: 0 | BO90: 0
B91: Bloc A | C91: Standard | D91: 407 | E91: 1 | F91: 1 | G91: 1 | H91: 1 | I91: 1 | J91: A demander | N91: A demander | S91: A demander | T91: 0 | U91: A demander | V91: 0 | W91: 0 | X91: 0 | Y91: 0 | Z91: 0 | AA91: 0 | AB91: 0 | AC91: 0 | AD91: 0 | AE91: 0 | AF91: 0 | AG91: 0 | AH91: 0 | AI91: A demander | AJ91: A demander | AK91: A demander | AL91: 0 | AM91: 0 | AO91: A demander | AP91: A demander | BI91: 0 | BJ91: 0 | BK91: 0 | BL91: 0 | BM91: 0 | BN91: 0 | BO91: 0
B92: Bloc A | C92: Standard | D92: 418 | E92: 1 | F92: 1 | G92: 1 | H92: 1 | I92: 1 | J92: A demander | N92: A demander | S92: A demander | T92: 0 | U92: A demander | V92: 0 | W92: 0 | X92: 0 | Y92: 0 | Z92: 0 | AA92: 0 | AB92: 0 | AC92: 0 | AD92: 0 | AE92: 0 | AF92: 0 | AG92: 0 | AH92: 0 | AI92: A demander | AJ92: A demander | AK92: A demander | AL92: 0 | AM92: 0 | AO92: A demander | AP92: A demander | BI92: 0 | BJ92: 0 | BK92: 0 | BL92: 0 | BM92: 0 | BN92: 0 | BO92: 0
B93: Bloc A | C93: Standard | D93: 419 | E93: 1 | F93: 1 | G93: 1 | H93: 1 | I93: 1 | J93: A demander | N93: A demander | S93: A demander | T93: 0 | U93: A demander | V93: 0 | W93: 0 | X93: 0 | Y93: 0 | Z93: 0 | AA93: 0 | AB93: 0 | AC93: 0 | AD93: 0 | AE93: 0 | AF93: 0 | AG93: 0 | AH93: 0 | AI93: A demander | AJ93: A demander | AK93: A demander | AL93: 0 | AM93: 0 | AO93: A demander | AP93: A demander | BI93: 0 | BJ93: 0 | BK93: 0 | BL93: 0 | BM93: 0 | BN93: 0 | BO93: 0
B94: Bloc A | C94: Standard | D94: 420 | E94: 1 | F94: 1 | G94: 1 | H94: 1 | I94: 1 | J94: A demander | N94: A demander | S94: A demander | T94: 0 | U94: A demander | V94: 0 | W94: 0 | X94: 0 | Y94: 0 | Z94: 0 | AA94: 0 | AB94: 0 | AC94: 0 | AD94: 0 | AE94: 0 | AF94: 0 | AG94: 0 | AH94: 0 | AI94: A demander | AJ94: A demander | AK94: A demander | AL94: 0 | AM94: 0 | AO94: A demander | AP94: A demander | BI94: 0 | BJ94: 0 | BK94: 0 | BL94: 0 | BM94: 0 | BN94: 0 | BO94: 0
B95: Bloc A | C95: Standard | D95: 421 | E95: 1 | F95: 1 | G95: 1 | H95: 1 | I95: 1 | J95: A demander | N95: A demander | S95: A demander | T95: 0 | U95: A demander | V95: 0 | W95: 0 | X95: 0 | Y95: 0 | Z95: 0 | AA95: 0 | AB95: 0 | AC95: 0 | AD95: 0 | AE95: 0 | AF95: 0 | AG95: 0 | AH95: 0 | AI95: A demander | AJ95: A demander | AK95: A demander | AL95: 0 | AM95: 0 | AO95: A demander | AP95: A demander | BI95: 0 | BJ95: 0 | BK95: 0 | BL95: 0 | BM95: 0 | BN95: 0 | BO95: 0
B96: Bloc A | C96: Standard | D96: 422 | E96: 1 | F96: 1 | G96: 1 | H96: 1 | I96: 1 | J96: A demander | N96: A demander | S96: A demander | T96: 0 | U96: A demander | V96: 0 | W96: 0 | X96: 0 | Y96: 0 | Z96: 0 | AA96: 0 | AB96: 0 | AC96: 0 | AD96: 0 | AE96: 0 | AF96: 0 | AG96: 0 | AH96: 0 | AI96: A demander | AJ96: A demander | AK96: A demander | AL96: 0 | AM96: 0 | AO96: A demander | AP96: A demander | BI96: 0 | BJ96: 0 | BK96: 0 | BL96: 0 | BM96: 0 | BN96: 0 | BO96: 0
B97: Bloc A | C97: Standard | D97: 408 | E97: 1 | F97: 1 | G97: 1 | H97: 1 | I97: 1 | J97: A demander | N97: A demander | S97: A demander | T97: 0 | U97: A demander | V97: 0 | W97: 0 | X97: 0 | Y97: 0 | Z97: 0 | AA97: 0 | AB97: 0 | AC97: 0 | AD97: 0 | AE97: 0 | AF97: 0 | AG97: 0 | AH97: 0 | AI97: A demander | AJ97: A demander | AK97: A demander | AL97: 0 | AM97: 0 | AO97: A demander | AP97: A demander | BI97: 0 | BJ97: 0 | BK97: 0 | BL97: 0 | BM97: 0 | BN97: 0 | BO97: 0
... B108: Bloc A | C108: Standard | D108: 424 | E108: 1 | F108: 1 | G108: 1 | H108: 1 | I108: 1 | J108: A demander | N108: A demander | S108: A demander | T108: 0 | U108: A demander | V108: 0 | W108: 0 | X108: 0 | Y108: 0 | Z108: 0 | AA108: 0 | AB108: 0 | AC108: 0 | AD108: 0 | AE108: 0 | AF108: 0 | AG108: 0 | AH108: 0 | AI108: A demander | AJ108: A demander | AK108: A demander | AL108: 0 | AM108: 0 | AO108: A demander | AP108: A demander | BI108: 0 | BJ108: 0 | BK108: 0 | BL108: 0 | BM108: 0 | BN108: 0 | BO108: 0
A109: R+5 | B109: Bloc A | C109: Standard | D109: 501 | E109: 1 | F109: 1 | G109: 1 | H109: 1 | I109: 1 | J109: A demander | N109: A demander | S109: A demander | T109: 0 | U109: A demander | V109: 0 | W109: 0 | X109: 0 | Y109: 0 | Z109: 0 | AA109: 0 | AB109: 0 | AC109: 0 | AD109: 0 | AE109: 0 | AF109: 0 | AG109: 0 | AH109: 0 | AI109: A demander | AJ109: A demander | AK109: A demander | AL109: 0 | AM109: 0 | AO109: A demander | AP109: A demander | BI109: 0 | BJ109: 0 | BK109: 0 | BL109: 0 | BM109: 0 | BN109: 0 | BO109: 0
B110: Bloc A | C110: Standard | D110: 502 | E110: 1 | F110: 1 | G110: 1 | H110: 1 | I110: 1 | J110: A demander | N110: A demander | S110: A demander | T110: 0 | U110: A demander | V110: 0 | W110: 0 | X110: 0 | Y110: 0 | Z110: 0 | AA110: 0 | AB110: 0 | AC110: 0 | AD110: 0 | AE110: 0 | AF110: 0 | AG110: 0 | AH110: 0 | AI110: A demander | AJ110: A demander | AK110: A demander | AL110: 0 | AM110: 0 | AO110: A demander | AP110: A demander | BI110: 0 | BJ110: 0 | BK110: 0 | BL110: 0 | BM110: 0 | BN110: 0 | BO110: 0
...

Sheet Graphes SDB
A1: GRAPHES SDB
A3: PLOMBERIE SOL | I3: CLOISONS | Q3: ÉLECTRICITÉ CLOISONS
A4: R+2 | B4: =IFERROR(SUM('Suivi des Chambres'!E5:G44)/(COUNT('Suivi des Chambres'!$D$5:$D$44)*COLUMNS('Suivi des Chambres'!E:G)),0) -> 1 | G4: =B4 -> 1 | I4: R+2 | J4: =IFERROR(SUM('Suivi des Chambres'!H5:H44)/(COUNT('Suivi des Chambres'!$D$5:$D$44)*COLUMNS('Suivi des Chambres'!H:H)),0) -> 1 | O4: =J4 -> 1 | Q4: R+2 | R4: =IFERROR(SUM('Suivi des Chambres'!I5:K44)/(COUNT('Suivi des Chambres'!$D$5:$D$44)*COLUMNS('Suivi des Chambres'!I:K)),0) -> 0.36083333 | W4: =R4 -> 0.36083333
A5: R+3 | B5: =IFERROR(SUM('Suivi des Chambres'!E45:G84)/(COUNT('Suivi des Chambres'!$D$45:$D$84)*COLUMNS('Suivi des Chambres'!E:G)),0) -> 1 | G5: =B5 -> 1 | I5: R+3 | J5: =IFERROR(SUM('Suivi des Chambres'!H45:H84)/(COUNT('Suivi des Chambres'!$D$45:$D$84)*COLUMNS('Suivi des Chambres'!H:H)),0) -> 1 | O5: =J5 -> 1 | Q5: R+3 | R5: =IFERROR(SUM('Suivi des Chambres'!I45:K84)/(COUNT('Suivi des Chambres'!$D$45:$D$84)*COLUMNS('Suivi des Chambres'!I:K)),0) -> 0.33333333 | W5: =R5 -> 0.33333333
A6: R+4 | B6: =IFERROR(SUM('Suivi des Chambres'!E85:G108)/(COUNT('Suivi des Chambres'!$D$85:$D$108)*COLUMNS('Suivi des Chambres'!E:G)),0) -> 1 | G6: =B6 -> 1 | I6: R+4 | J6: =IFERROR(SUM('Suivi des Chambres'!H85:H108)/(COUNT('Suivi des Chambres'!$D$85:$D$108)*COLUMNS('Suivi des Chambres'!H:H)),0) -> 1 | O6: =J6 -> 1 | Q6: R+4 | R6: =IFERROR(SUM('Suivi des Chambres'!I85:K108)/(COUNT('Suivi des Chambres'!$D$85:$D$108)*COLUMNS('Suivi des Chambres'!I:K)),0) -> 0.33333333 | W6: =R6 -> 0.33333333
A7: R+5 | B7: =IFERROR(SUM('Suivi des Chambres'!E109:G132)/(COUNT('Suivi des Chambres'!$D$109:$D$132)*COLUMNS('Suivi des Chambres'!E:G)),0) -> 1 | G7: =B7 -> 1 | I7: R+5 | J7: =IFERROR(SUM('Suivi des Chambres'!H109:H132)/(COUNT('Suivi des Chambres'!$D$109:$D$132)*COLUMNS('Suivi des Chambres'!H:H)),0) -> 1 | O7: =J7 -> 1 | Q7: R+5 | R7: =IFERROR(SUM('Suivi des Chambres'!I109:K132)/(COUNT('Suivi des Chambres'!$D$109:$D$132)*COLUMNS('Suivi des Chambres'!I:K)),0) -> 0.33333333 | W7: =R7 -> 0.33333333
A9: ÉTANCHÉITÉ | I9: DRESSAGE | Q9: CHAPE
A10: R+2 | B10: =IFERROR(SUM('Suivi des Chambres'!L5:N44)/(COUNT('Suivi des Chambres'!$D$5:$D$44)*COLUMNS('Suivi des Chambres'!L:N)),0) -> 0.55 | G10: =B10 -> 0.55 | I10: R+2 | J10: =IFERROR(SUM('Suivi des Chambres'!O5:O44)/(COUNT('Suivi des Chambres'!$D$5:$D$44)*COLUMNS('Suivi des Chambres'!O:O)),0) -> 0.59 | O10: =J10 -> 0.59 | Q10: R+2 | R10: =IFERROR(SUM('Suivi des Chambres'!P5:P44)/(COUNT('Suivi des Chambres'!$D$5:$D$44)*COLUMNS('Suivi des Chambres'!P:P)),0) -> 0.6025 | W10: =R10 -> 0.6025
A11: R+3 | B11: =IFERROR(SUM('Suivi des Chambres'!L45:N84)/(COUNT('Suivi des Chambres'!$D$45:$D$84)*COLUMNS('Suivi des Chambres'!L:N)),0) -> 0.45416667 | G11: =B11 -> 0.45416667 | I11: R+3 | J11: =IFERROR(SUM('Suivi des Chambres'!O45:O84)/(COUNT('Suivi des Chambres'!$D$45:$D$84)*COLUMNS('Suivi des Chambres'!O:O)),0) -> 0.575 | O11: =J11 -> 0.575 | Q11: R+3 | R11: =IFERROR(SUM('Suivi des Chambres'!P45:P84)/(COUNT('Suivi des Chambres'!$D$45:$D$84)*COLUMNS('Suivi des Chambres'!P:P)),0) -> 0.375 | W11: =R11 -> 0.375
A12: R+4 | B12: =IFERROR(SUM('Suivi des Chambres'!L85:N108)/(COUNT('Suivi des Chambres'!$D$85:$D$108)*COLUMNS('Suivi des Chambres'!L:N)),0) -> 0 | G12: =B12 -> 0 | I12: R+4 | J12: =IFERROR(SUM('Suivi des Chambres'!O85:O108)/(COUNT('Suivi des Chambres'!$D$85:$D$108)*COLUMNS('Suivi des Chambres'!O:O)),0) -> 0 | O12: =J12 -> 0 | Q12: R+4 | R12: =IFERROR(SUM('Suivi des Chambres'!P85:P108)/(COUNT('Suivi des Chambres'!$D$85:$D$108)*COLUMNS('Suivi des Chambres'!P:P)),0) -> 0 | W12: =R12 -> 0
A13: R+5 | B13: =IFERROR(SUM('Suivi des Chambres'!L109:N132)/(COUNT('Suivi des Chambres'!$D$109:$D$132)*COLUMNS('Suivi des Chambres'!L:N)),0) -> 0 | G13: =B13 -> 0 | I13: R+5 | J13: =IFERROR(SUM('Suivi des Chambres'!O109:O132)/(COUNT('Suivi des Chambres'!$D$109:$D$132)*COLUMNS('Suivi des Chambres'!O:O)),0) -> 0 | O13: =J13 -> 0 | Q13: R+5 | R13: =IFERROR(SUM('Suivi des Chambres'!P109:P132)/(COUNT('Suivi des Chambres'!$D$109:$D$132)*COLUMNS('Suivi des Chambres'!P:P)),0) -> 0 | W13: =R13 -> 0
A15: FAUX PLAFOND SDB | I15: PEINTURE FP | Q15: REVÊTEMENT MURAL
A16: R+2 | B16: =IFERROR(SUM('Suivi des Chambres'!Q5:W44)/(COUNT('Suivi des Chambres'!$D$5:$D$44)*COLUMNS('Suivi des Chambres'!Q:W)),0) -> 0.15 | G16: =B16 -> 0.15 | I16: R+2 | J16: =IFERROR(SUM('Suivi des Chambres'!X5:X44)/(COUNT('Suivi des Chambres'!$D$5:$D$44)*COLUMNS('Suivi des Chambres'!X:X)),0) -> 0.05 | O16: =J16 -> 0.05 | Q16: R+2 | R16: =IFERROR(SUM('Suivi des Chambres'!Y5:Z44)/(COUNT('Suivi des Chambres'!$D$5:$D$44)*COLUMNS('Suivi des Chambres'!Y:Z)),0) -> 0.05 | W16: =R16 -> 0.05
A17: R+3 | B17: =IFERROR(SUM('Suivi des Chambres'!Q45:W84)/(COUNT('Suivi des Chambres'!$D$45:$D$84)*COLUMNS('Suivi des Chambres'!Q:W)),0) -> 0.14285714 | G17: =B17 -> 0.14285714 | I17: R+3 | J17: =IFERROR(SUM('Suivi des Chambres'!X45:X84)/(COUNT('Suivi des Chambres'!$D$45:$D$84)*COLUMNS('Suivi des Chambres'!X:X)),0) -> 0 | O17: =J17 -> 0 | Q17: R+3 | R17: =IFERROR(SUM('Suivi des Chambres'!Y45:Z84)/(COUNT('Suivi des Chambres'!$D$45:$D$84)*COLUMNS('Suivi des Chambres'!Y:Z)),0) -> 0 | W17: =R17 -> 0
A18: R+4 | B18: =IFERROR(SUM('Suivi des Chambres'!Q85:W108)/(COUNT('Suivi des Chambres'!$D$85:$D$108)*COLUMNS('Suivi des Chambres'!Q:W)),0) -> 0 | G18: =B18 -> 0 | I18: R+4 | J18: =IFERROR(SUM('Suivi des Chambres'!X85:X108)/(COUNT('Suivi des Chambres'!$D$85:$D$108)*COLUMNS('Suivi des Chambres'!X:X)),0) -> 0 | O18: =J18 -> 0 | Q18: R+4 | R18: =IFERROR(SUM('Suivi des Chambres'!Y85:Z108)/(COUNT('Suivi des Chambres'!$D$85:$D$108)*COLUMNS('Suivi des Chambres'!Y:Z)),0) -> 0 | W18: =R18 -> 0
A19: R+5 | B19: =IFERROR(SUM('Suivi des Chambres'!Q109:W132)/(COUNT('Suivi des Chambres'!$D$109:$D$132)*COLUMNS('Suivi des Chambres'!Q:W)),0) -> 0 | G19: =B19 -> 0 | I19: R+5 | J19: =IFERROR(SUM('Suivi des Chambres'!X109:X132)/(COUNT('Suivi des Chambres'!$D$109:$D$132)*COLUMNS('Suivi des Chambres'!X:X)),0) -> 0 | O19: =J19 -> 0 | Q19: R+5 | R19: =IFERROR(SUM('Suivi des Chambres'!Y109:Z132)/(COUNT('Suivi des Chambres'!$D$109:$D$132)*COLUMNS('Suivi des Chambres'!Y:Z)),0) -> 0 | W19: =R19 -> 0
A21: REVÊTEMENT SOL | I21: MENUISERIE ALU | Q21: MENUISERIE BOIS
A22: R+2 | B22: =IFERROR(SUM('Suivi des Chambres'!AA5:AA44)/(COUNT('Suivi des Chambres'!$D$5:$D$44)*COLUMNS('Suivi des Chambres'!AA:AA)),0) -> 0.05 | G22: =B22 -> 0.05 | I22: R+2 | J22: =IFERROR(SUM('Suivi des Chambres'!AB5:AC44)/(COUNT('Suivi des Chambres'!$D$5:$D$44)*COLUMNS('Suivi des Chambres'!AB:AC)),0) -> 0 | O22: =J22 -> 0 | Q22: R+2 | R22: =IFERROR(SUM('Suivi des Chambres'!AD5:AE44)/(COUNT('Suivi des Chambres'!$D$5:$D$44)*COLUMNS('Suivi des Chambres'!AD:AE)),0) -> 0.05 | W22: =R22 -> 0.05
A23: R+3 | B23: =IFERROR(SUM('Suivi des Chambres'!AA45:AA84)/(COUNT('Suivi des Chambres'!$D$45:$D$84)*COLUMNS('Suivi des Chambres'!AA:AA)),0) -> 0 | G23: =B23 -> 0 | I23: R+3 | J23: =IFERROR(SUM('Suivi des Chambres'!AB45:AC84)/(COUNT('Suivi des Chambres'!$D$45:$D$84)*COLUMNS('Suivi des Chambres'!AB:AC)),0) -> 0 | O23: =J23 -> 0 | Q23: R+3 | R23: =IFERROR(SUM('Suivi des Chambres'!AD45:AE84)/(COUNT('Suivi des Chambres'!$D$45:$D$84)*COLUMNS('Suivi des Chambres'!AD:AE)),0) -> 0 | W23: =R23 -> 0
A24: R+4 | B24: =IFERROR(SUM('Suivi des Chambres'!AA85:AA108)/(COUNT('Suivi des Chambres'!$D$85:$D$108)*COLUMNS('Suivi des Chambres'!AA:AA)),0) -> 0 | G24: =B24 -> 0 | I24: R+4 | J24: =IFERROR(SUM('Suivi des Chambres'!AB85:AC108)/(COUNT('Suivi des Chambres'!$D$85:$D$108)*COLUMNS('Suivi des Chambres'!AB:AC)),0) -> 0 | O24: =J24 -> 0 | Q24: R+4 | R24: =IFERROR(SUM('Suivi des Chambres'!AD85:AE108)/(COUNT('Suivi des Chambres'!$D$85:$D$108)*COLUMNS('Suivi des Chambres'!AD:AE)),0) -> 0 | W24: =R24 -> 0
A25: R+5 | B25: =IFERROR(SUM('Suivi des Chambres'!AA109:AA132)/(COUNT('Suivi des Chambres'!$D$109:$D$132)*COLUMNS('Suivi des Chambres'!AA:AA)),0) -> 0 | G25: =B25 -> 0 | I25: R+5 | J25: =IFERROR(SUM('Suivi des Chambres'!AB109:AC132)/(COUNT('Suivi des Chambres'!$D$109:$D$132)*COLUMNS('Suivi des Chambres'!AB:AC)),0) -> 0 | O25: =J25 -> 0 | Q25: R+5 | R25: =IFERROR(SUM('Suivi des Chambres'!AD109:AE132)/(COUNT('Suivi des Chambres'!$D$109:$D$132)*COLUMNS('Suivi des Chambres'!AD:AE)),0) -> 0 | W25: =R25 -> 0
A27: AGENCEMENT | I27: SANITAIRES | Q27: ACCESSOIRES
A28: R+2 | B28: =IFERROR(SUM('Suivi des Chambres'!AF5:AF44)/(COUNT('Suivi des Chambres'!$D$5:$D$44)*COLUMNS('Suivi des Chambres'!AF:AF)),0) -> 0.05 | G28: =B28 -> 0.05 | I28: R+2 | J28: =IFERROR(SUM('Suivi des Chambres'!AG5:AG44)/(COUNT('Suivi des Chambres'!$D$5:$D$44)*COLUMNS('Suivi des Chambres'!AG:AG)),0) -> 0.05 | O28: =J28 -> 0.05 | Q28: R+2 | R28: =IFERROR(SUM('Suivi des Chambres'!AH5:AH44)/(COUNT('Suivi des Chambres'!$D$5:$D$44)*COLUMNS('Suivi des Chambres'!AH:AH)),0) -> 0.05 | W28: =R28 -> 0.05
A29: R+3 | B29: =IFERROR(SUM('Suivi des Chambres'!AF45:AF84)/(COUNT('Suivi des Chambres'!$D$45:$D$84)*COLUMNS('Suivi des Chambres'!AF:AF)),0) -> 0 | G29: =B29 -> 0 | I29: R+3 | J29: =IFERROR(SUM('Suivi des Chambres'!AG45:AG84)/(COUNT('Suivi des Chambres'!$D$45:$D$84)*COLUMNS('Suivi des Chambres'!AG:AG)),0) -> 0 | O29: =J29 -> 0 | Q29: R+3 | R29: =IFERROR(SUM('Suivi des Chambres'!AH45:AH84)/(COUNT('Suivi des Chambres'!$D$45:$D$84)*COLUMNS('Suivi des Chambres'!AH:AH)),0) -> 0 | W29: =R29 -> 0
A30: R+4 | B30: =IFERROR(SUM('Suivi des Chambres'!AF85:AF108)/(COUNT('Suivi des Chambres'!$D$85:$D$108)*COLUMNS('Suivi des Chambres'!AF:AF)),0) -> 0 | G30: =B30 -> 0 | I30: R+4 | J30: =IFERROR(SUM('Suivi des Chambres'!AG85:AG108)/(COUNT('Suivi des Chambres'!$D$85:$D$108)*COLUMNS('Suivi des Chambres'!AG:AG)),0) -> 0 | O30: =J30 -> 0 | Q30: R+4 | R30: =IFERROR(SUM('Suivi des Chambres'!AH85:AH108)/(COUNT('Suivi des Chambres'!$D$85:$D$108)*COLUMNS('Suivi des Chambres'!AH:AH)),0) -> 0 | W30: =R30 -> 0
A31: R+5 | B31: =IFERROR(SUM('Suivi des Chambres'!AF109:AF132)/(COUNT('Suivi des Chambres'!$D$109:$D$132)*COLUMNS('Suivi des Chambres'!AF:AF)),0) -> 0 | G31: =B31 -> 0 | I31: R+5 | J31: =IFERROR(SUM('Suivi des Chambres'!AG109:AG132)/(COUNT('Suivi des Chambres'!$D$109:$D$132)*COLUMNS('Suivi des Chambres'!AG:AG)),0) -> 0 | O31: =J31 -> 0 | Q31: R+5 | R31: =IFERROR(SUM('Suivi des Chambres'!AH109:AH132)/(COUNT('Suivi des Chambres'!$D$109:$D$132)*COLUMNS('Suivi des Chambres'!AH:AH)),0) -> 0 | W31: =R31 -> 0
A33: TESTS | I33: RÉCEPTION
A34: R+2 | B34: =IFERROR(SUM('Suivi des Chambres'!AI5:AK44)/(COUNT('Suivi des Chambres'!$D$5:$D$44)*COLUMNS('Suivi des Chambres'!AI:AK)),0) -> 0 | G34: =B34 -> 0 | I34: R+2 | J34: =IFERROR(SUM('Suivi des Chambres'!AL5:AM44)/(COUNT('Suivi des Chambres'!$D$5:$D$44)*COLUMNS('Suivi des Chambres'!AL:AM)),0) -> 0 | O34: =J34 -> 0
A35: R+3 | B35: =IFERROR(SUM('Suivi des Chambres'!AI45:AK84)/(COUNT('Suivi des Chambres'!$D$45:$D$84)*COLUMNS('Suivi des Chambres'!AI:AK)),0) -> 0 | G35: =B35 -> 0 | I35: R+3 | J35: =IFERROR(SUM('Suivi des Chambres'!AL45:AM84)/(COUNT('Suivi des Chambres'!$D$45:$D$84)*COLUMNS('Suivi des Chambres'!AL:AM)),0) -> 0 | O35: =J35 -> 0
A36: R+4 | B36: =IFERROR(SUM('Suivi des Chambres'!AI85:AK108)/(COUNT('Suivi des Chambres'!$D$85:$D$108)*COLUMNS('Suivi des Chambres'!AI:AK)),0) -> 0 | G36: =B36 -> 0 | I36: R+4 | J36: =IFERROR(SUM('Suivi des Chambres'!AL85:AM108)/(COUNT('Suivi des Chambres'!$D$85:$D$108)*COLUMNS('Suivi des Chambres'!AL:AM)),0) -> 0 | O36: =J36 -> 0
A37: R+5 | B37: =IFERROR(SUM('Suivi des Chambres'!AI109:AK132)/(COUNT('Suivi des Chambres'!$D$109:$D$132)*COLUMNS('Suivi des Chambres'!AI:AK)),0) -> 0 | G37: =B37 -> 0 | I37: R+5 | J37: =IFERROR(SUM('Suivi des Chambres'!AL109:AM132)/(COUNT('Suivi des Chambres'!$D$109:$D$132)*COLUMNS('Suivi des Chambres'!AL:AM)),0) -> 0 | O37: =J37 -> 0

Sheet Graphes Chambre
A1: GRAPHES CHAMBRE
A3: CLOISONS | I3: ÉLECTRICITÉ CLOISONS | Q3: CHAPE
A4: R+2 | B4: =IFERROR(SUM('Suivi des Chambres'!AN5:AN44)/(COUNT('Suivi des Chambres'!$D$5:$D$44)*COLUMNS('Suivi des Chambres'!AN:AN)),0) -> 0.1375 | G4: =B4 -> 0.1375 | I4: R+2 | J4: =IFERROR(SUM('Suivi des Chambres'!AO5:AQ44)/(COUNT('Suivi des Chambres'!$D$5:$D$44)*COLUMNS('Suivi des Chambres'!AO:AQ)),0) -> 0.0975 | O4: =J4 -> 0.0975 | Q4: R+2 | R4: =IFERROR(SUM('Suivi des Chambres'!AR5:AR44)/(COUNT('Suivi des Chambres'!$D$5:$D$44)*COLUMNS('Suivi des Chambres'!AR:AR)),0) -> 0.95 | W4: =R4 -> 0.95
A5: R+3 | B5: =IFERROR(SUM('Suivi des Chambres'!AN45:AN84)/(COUNT('Suivi des Chambres'!$D$45:$D$84)*COLUMNS('Suivi des Chambres'!AN:AN)),0) -> 0 | G5: =B5 -> 0 | I5: R+3 | J5: =IFERROR(SUM('Suivi des Chambres'!AO45:AQ84)/(COUNT('Suivi des Chambres'!$D$45:$D$84)*COLUMNS('Suivi des Chambres'!AO:AQ)),0) -> 0 | O5: =J5 -> 0 | Q5: R+3 | R5: =IFERROR(SUM('Suivi des Chambres'!AR45:AR84)/(COUNT('Suivi des Chambres'!$D$45:$D$84)*COLUMNS('Suivi des Chambres'!AR:AR)),0) -> 0.975 | W5: =R5 -> 0.975
A6: R+4 | B6: =IFERROR(SUM('Suivi des Chambres'!AN85:AN108)/(COUNT('Suivi des Chambres'!$D$85:$D$108)*COLUMNS('Suivi des Chambres'!AN:AN)),0) -> 0 | G6: =B6 -> 0 | I6: R+4 | J6: =IFERROR(SUM('Suivi des Chambres'!AO85:AQ108)/(COUNT('Suivi des Chambres'!$D$85:$D$108)*COLUMNS('Suivi des Chambres'!AO:AQ)),0) -> 0 | O6: =J6 -> 0 | Q6: R+4 | R6: =IFERROR(SUM('Suivi des Chambres'!AR85:AR108)/(COUNT('Suivi des Chambres'!$D$85:$D$108)*COLUMNS('Suivi des Chambres'!AR:AR)),0) -> 0 | W6: =R6 -> 0
A7: R+5 | B7: =IFERROR(SUM('Suivi des Chambres'!AN109:AN132)/(COUNT('Suivi des Chambres'!$D$109:$D$132)*COLUMNS('Suivi des Chambres'!AN:AN)),0) -> 0 | G7: =B7 -> 0 | I7: R+5 | J7: =IFERROR(SUM('Suivi des Chambres'!AO109:AQ132)/(COUNT('Suivi des Chambres'!$D$109:$D$132)*COLUMNS('Suivi des Chambres'!AO:AQ)),0) -> 0 | O7: =J7 -> 0 | Q7: R+5 | R7: =IFERROR(SUM('Suivi des Chambres'!AR109:AR132)/(COUNT('Suivi des Chambres'!$D$109:$D$132)*COLUMNS('Suivi des Chambres'!AR:AR)),0) -> 0 | W7: =R7 -> 0
A9: FAUX PLAFOND CHAMBRE | I9: MENUISERIE BOIS | Q9: MENUISERIE ALU
A10: R+2 | B10: =IFERROR(SUM('Suivi des Chambres'!AS5:AZ44)/(COUNT('Suivi des Chambres'!$D$5:$D$44)*COLUMNS('Suivi des Chambres'!AS:AZ)),0) -> 0.35203125 | G10: =B10 -> 0.35203125 | I10: R+2 | J10: =IFERROR(SUM('Suivi des Chambres'!BA5:BC44)/(COUNT('Suivi des Chambres'!$D$5:$D$44)*COLUMNS('Suivi des Chambres'!BA:BC)),0) -> 0.066666667 | O10: =J10 -> 0.066666667 | Q10: R+2 | R10: =IFERROR(SUM('Suivi des Chambres'!BD5:BD44)/(COUNT('Suivi des Chambres'!$D$5:$D$44)*COLUMNS('Suivi des Chambres'!BD:BD)),0) -> 0.125 | W10: =R10 -> 0.125
A11: R+3 | B11: =IFERROR(SUM('Suivi des Chambres'!AS45:AZ84)/(COUNT('Suivi des Chambres'!$D$45:$D$84)*COLUMNS('Suivi des Chambres'!AS:AZ)),0) -> 0.25 | G11: =B11 -> 0.25 | I11: R+3 | J11: =IFERROR(SUM('Suivi des Chambres'!BA45:BC84)/(COUNT('Suivi des Chambres'!$D$45:$D$84)*COLUMNS('Suivi des Chambres'!BA:BC)),0) -> 0 | O11: =J11 -> 0 | Q11: R+3 | R11: =IFERROR(SUM('Suivi des Chambres'!BD45:BD84)/(COUNT('Suivi des Chambres'!$D$45:$D$84)*COLUMNS('Suivi des Chambres'!BD:BD)),0) -> 0 | W11: =R11 -> 0
A12: R+4 | B12: =IFERROR(SUM('Suivi des Chambres'!AS85:AZ108)/(COUNT('Suivi des Chambres'!$D$85:$D$108)*COLUMNS('Suivi des Chambres'!AS:AZ)),0) -> 0 | G12: =B12 -> 0 | I12: R+4 | J12: =IFERROR(SUM('Suivi des Chambres'!BA85:BC108)/(COUNT('Suivi des Chambres'!$D$85:$D$108)*COLUMNS('Suivi des Chambres'!BA:BC)),0) -> 0 | O12: =J12 -> 0 | Q12: R+4 | R12: =IFERROR(SUM('Suivi des Chambres'!BD85:BD108)/(COUNT('Suivi des Chambres'!$D$85:$D$108)*COLUMNS('Suivi des Chambres'!BD:BD)),0) -> 0 | W12: =R12 -> 0
A13: R+5 | B13: =IFERROR(SUM('Suivi des Chambres'!AS109:AZ132)/(COUNT('Suivi des Chambres'!$D$109:$D$132)*COLUMNS('Suivi des Chambres'!AS:AZ)),0) -> 0 | G13: =B13 -> 0 | I13: R+5 | J13: =IFERROR(SUM('Suivi des Chambres'!BA109:BC132)/(COUNT('Suivi des Chambres'!$D$109:$D$132)*COLUMNS('Suivi des Chambres'!BA:BC)),0) -> 0 | O13: =J13 -> 0 | Q13: R+5 | R13: =IFERROR(SUM('Suivi des Chambres'!BD109:BD132)/(COUNT('Suivi des Chambres'!$D$109:$D$132)*COLUMNS('Suivi des Chambres'!BD:BD)),0) -> 0 | W13: =R13 -> 0
A15: PEINTURE | I15: REVÊTEMENT SOL | Q15: AGENCEMENT FIXE
A16: R+2 | B16: =IFERROR(SUM('Suivi des Chambres'!BE5:BH44)/(COUNT('Suivi des Chambres'!$D$5:$D$44)*COLUMNS('Suivi des Chambres'!BE:BH)),0) -> 0.0375 | G16: =B16 -> 0.0375 | I16: R+2 | J16: =IFERROR(SUM('Suivi des Chambres'!BI5:BJ44)/(COUNT('Suivi des Chambres'!$D$5:$D$44)*COLUMNS('Suivi des Chambres'!BI:BJ)),0) -> 0.05 | O16: =J16 -> 0.05 | Q16: R+2 | R16: =IFERROR(SUM('Suivi des Chambres'!BK5:BM44)/(COUNT('Suivi des Chambres'!$D$5:$D$44)*COLUMNS('Suivi des Chambres'!BK:BM)),0) -> 0 | W16: =R16 -> 0
A17: R+3 | B17: =IFERROR(SUM('Suivi des Chambres'!BE45:BH84)/(COUNT('Suivi des Chambres'!$D$45:$D$84)*COLUMNS('Suivi des Chambres'!BE:BH)),0) -> 0 | G17: =B17 -> 0 | I17: R+3 | J17: =IFERROR(SUM('Suivi des Chambres'!BI45:BJ84)/(COUNT('Suivi des Chambres'!$D$45:$D$84)*COLUMNS('Suivi des Chambres'!BI:BJ)),0) -> 0 | O17: =J17 -> 0 | Q17: R+3 | R17: =IFERROR(SUM('Suivi des Chambres'!BK45:BM84)/(COUNT('Suivi des Chambres'!$D$45:$D$84)*COLUMNS('Suivi des Chambres'!BK:BM)),0) -> 0 | W17: =R17 -> 0
A18: R+4 | B18: =IFERROR(SUM('Suivi des Chambres'!BE85:BH108)/(COUNT('Suivi des Chambres'!$D$85:$D$108)*COLUMNS('Suivi des Chambres'!BE:BH)),0) -> 0 | G18: =B18 -> 0 | I18: R+4 | J18: =IFERROR(SUM('Suivi des Chambres'!BI85:BJ108)/(COUNT('Suivi des Chambres'!$D$85:$D$108)*COLUMNS('Suivi des Chambres'!BI:BJ)),0) -> 0 | O18: =J18 -> 0 | Q18: R+4 | R18: =IFERROR(SUM('Suivi des Chambres'!BK85:BM108)/(COUNT('Suivi des Chambres'!$D$85:$D$108)*COLUMNS('Suivi des Chambres'!BK:BM)),0) -> 0 | W18: =R18 -> 0
A19: R+5 | B19: =IFERROR(SUM('Suivi des Chambres'!BE109:BH132)/(COUNT('Suivi des Chambres'!$D$109:$D$132)*COLUMNS('Suivi des Chambres'!BE:BH)),0) -> 0 | G19: =B19 -> 0 | I19: R+5 | J19: =IFERROR(SUM('Suivi des Chambres'!BI109:BJ132)/(COUNT('Suivi des Chambres'!$D$109:$D$132)*COLUMNS('Suivi des Chambres'!BI:BJ)),0) -> 0 | O19: =J19 -> 0 | Q19: R+5 | R19: =IFERROR(SUM('Suivi des Chambres'!BK109:BM132)/(COUNT('Suivi des Chambres'!$D$109:$D$132)*COLUMNS('Suivi des Chambres'!BK:BM)),0) -> 0 | W19: =R19 -> 0
A21: APPAREILLAGE | I21: RÉCEPTION | Q21: LOGGIA
A22: R+2 | B22: =IFERROR(SUM('Suivi des Chambres'!BN5:BO44)/(COUNT('Suivi des Chambres'!$D$5:$D$44)*COLUMNS('Suivi des Chambres'!BN:BO)),0) -> 0 | G22: =B22 -> 0 | I22: R+2 | J22: =IFERROR(SUM('Suivi des Chambres'!#REF!)/(COUNT('Suivi des Chambres'!$D$5:$D$44)*COLUMNS('Suivi des Chambres'!#REF!)),0) -> 0 | O22: =J22 -> 0 | Q22: R+2 | R22: =IFERROR(SUM('Suivi des Chambres'!BS5:BT44)/(COUNT('Suivi des Chambres'!$D$5:$D$44)*COLUMNS('Suivi des Chambres'!BS:BT)),0) -> 0 | W22: =R22 -> 0
A23: R+3 | B23: =IFERROR(SUM('Suivi des Chambres'!BN45:BO84)/(COUNT('Suivi des Chambres'!$D$45:$D$84)*COLUMNS('Suivi des Chambres'!BN:BO)),0) -> 0 | G23: =B23 -> 0 | I23: R+3 | J23: =IFERROR(SUM('Suivi des Chambres'!#REF!)/(COUNT('Suivi des Chambres'!$D$45:$D$84)*COLUMNS('Suivi des Chambres'!#REF!)),0) -> 0 | O23: =J23 -> 0 | Q23: R+3 | R23: =IFERROR(SUM('Suivi des Chambres'!BS45:BT84)/(COUNT('Suivi des Chambres'!$D$45:$D$84)*COLUMNS('Suivi des Chambres'!BS:BT)),0) -> 0 | W23: =R23 -> 0
A24: R+4 | B24: =IFERROR(SUM('Suivi des Chambres'!BN85:BO108)/(COUNT('Suivi des Chambres'!$D$85:$D$108)*COLUMNS('Suivi des Chambres'!BN:BO)),0) -> 0 | G24: =B24 -> 0 | I24: R+4 | J24: =IFERROR(SUM('Suivi des Chambres'!#REF!)/(COUNT('Suivi des Chambres'!$D$85:$D$108)*COLUMNS('Suivi des Chambres'!#REF!)),0) -> 0 | O24: =J24 -> 0 | Q24: R+4 | R24: =IFERROR(SUM('Suivi des Chambres'!BS85:BT108)/(COUNT('Suivi des Chambres'!$D$85:$D$108)*COLUMNS('Suivi des Chambres'!BS:BT)),0) -> 0 | W24: =R24 -> 0
A25: R+5 | B25: =IFERROR(SUM('Suivi des Chambres'!BN109:BO132)/(COUNT('Suivi des Chambres'!$D$109:$D$132)*COLUMNS('Suivi des Chambres'!BN:BO)),0) -> 0 | G25: =B25 -> 0 | I25: R+5 | J25: =IFERROR(SUM('Suivi des Chambres'!#REF!)/(COUNT('Suivi des Chambres'!$D$109:$D$132)*COLUMNS('Suivi des Chambres'!#REF!)),0) -> 0 | O25: =J25 -> 0 | Q25: R+5 | R25: =IFERROR(SUM('Suivi des Chambres'!BS109:BT132)/(COUNT('Suivi des Chambres'!$D$109:$D$132)*COLUMNS('Suivi des Chambres'!BS:BT)),0) -> 0 | W25: =R25 -> 0
